{
	"credit": "Made with Blockbench",
	"texture_size": [64, 32],
	"textures": {
		"0": "#base",
		"1": "item/armor/transparency",
		"particle": "#base"
	},
	"elements": [
		{
			"name": "LBoot_Bottom",
			"from": [3.1, 2, 5],
			"to": [9.1, 2, 11],
			"rotation": {"angle": 0, "axis": "y", "origin": [8, 0, 8]},
			"faces": {
				"up": {"uv": [2, 10, 3, 8], "texture": "#0"},
				"down": {"uv": [2, 8, 3, 10], "texture": "#0"}
			}
		},
		{
			"name": "LBoot_Top",
			"from": [3.1, 16, 5],
			"to": [9.1, 16, 11],
			"rotation": {"angle": 0, "axis": "y", "origin": [8, 0, 8]},
			"faces": {
				"up": {"uv": [1, 10, 2, 8], "texture": "#0"},
				"down": {"uv": [1, 8, 2, 10], "texture": "#0"}
			}
		},
		{
			"name": "LBoot_West",
			"from": [3.1, 2, 5],
			"to": [3.1, 16, 11],
			"rotation": {"angle": 0, "axis": "y", "origin": [8, 0, 8]},
			"faces": {
				"east": {"uv": [0, 10, 1, 16], "texture": "#0"},
				"west": {"uv": [1, 10, 0, 16], "texture": "#0"}
			}
		},
		{
			"name": "LBoot_East",
			"from": [9.1, 2, 5],
			"to": [9.1, 16, 11],
			"rotation": {"angle": 0, "axis": "y", "origin": [8, 0, 8]},
			"faces": {
				"east": {"uv": [3, 10, 2, 16], "texture": "#0"},
				"west": {"uv": [2, 10, 3, 16], "texture": "#0"}
			}
		},
		{
			"name": "LBoot_South",
			"from": [3.1, 2, 11],
			"to": [9.1, 16, 11],
			"rotation": {"angle": 0, "axis": "y", "origin": [8, 0, 8]},
			"faces": {
				"north": {"uv": [3, 10, 4, 16], "texture": "#0"},
				"south": {"uv": [4, 10, 3, 16], "texture": "#0"}
			}
		},
		{
			"name": "LBoot_North",
			"from": [3.1, 2, 5],
			"to": [9.1, 16, 5],
			"rotation": {"angle": 0, "axis": "y", "origin": [8, 0, 8]},
			"faces": {
				"north": {"uv": [2, 10, 1, 16], "texture": "#0"},
				"south": {"uv": [1, 10, 2, 16], "texture": "#0"}
			}
		},
		{
			"name": "RBoot_Bottom",
			"from": [6.9, 2, 5],
			"to": [12.9, 2, 11],
			"rotation": {"angle": 0, "axis": "y", "origin": [8, 0, 8]},
			"faces": {
				"up": {"uv": [3, 10, 2, 8], "texture": "#0"},
				"down": {"uv": [3, 8, 2, 10], "texture": "#0"}
			}
		},
		{
			"name": "RBoot_Top",
			"from": [6.9, 16, 5],
			"to": [12.9, 16, 11],
			"rotation": {"angle": 0, "axis": "y", "origin": [8, 0, 8]},
			"faces": {
				"up": {"uv": [2, 10, 1, 8], "texture": "#0"},
				"down": {"uv": [2, 8, 1, 10], "texture": "#0"}
			}
		},
		{
			"name": "RBoot_West",
			"from": [6.9, 2, 5],
			"to": [6.9, 16, 11],
			"rotation": {"angle": 0, "axis": "y", "origin": [8, 0, 8]},
			"faces": {
				"east": {"uv": [3, 10, 2, 16], "texture": "#0"},
				"west": {"uv": [2, 10, 3, 16], "texture": "#0"}
			}
		},
		{
			"name": "RBoot_East",
			"from": [12.9, 2, 5],
			"to": [12.9, 16, 11],
			"rotation": {"angle": 0, "axis": "y", "origin": [8, 0, 8]},
			"faces": {
				"east": {"uv": [0, 10, 1, 16], "texture": "#0"},
				"west": {"uv": [1, 10, 0, 16], "texture": "#0"}
			}
		},
		{
			"name": "RBoot_South",
			"from": [6.9, 2, 5],
			"to": [12.9, 16, 11],
			"rotation": {"angle": 0, "axis": "y", "origin": [8, 0, 8]},
			"faces": {
				"north": {"uv": [4, 10, 3, 16], "texture": "#0"},
				"south": {"uv": [3, 10, 4, 16], "texture": "#0"}
			}
		},
		{
			"name": "RBoot_North",
			"from": [6.9, 2, 5],
			"to": [12.9, 16, 5],
			"rotation": {"angle": 0, "axis": "y", "origin": [8, 0, 8]},
			"faces": {
				"north": {"uv": [1, 10, 2, 16], "texture": "#0"},
				"south": {"uv": [2, 10, 1, 16], "texture": "#0"}
			}
		},
		{
			"name": "LBoot_Bottom",
			"from": [3.1, 2, 5],
			"to": [9.1, 2, 11],
			"rotation": {"angle": 0, "axis": "y", "origin": [8, 0, 8]},
			"faces": {
				"north": {"uv": [0, 0, 0, 0], "texture": "#1"},
				"east": {"uv": [0, 0, 0, 0], "texture": "#1"},
				"south": {"uv": [0, 0, 0, 0], "texture": "#1"},
				"west": {"uv": [0, 0, 0, 0], "texture": "#1"},
				"up": {"uv": [2, 10, 3, 8], "texture": "#1"},
				"down": {"uv": [2, 8, 3, 10], "texture": "#1"}
			}
		},
		{
			"name": "LBoot_Top",
			"from": [3.1, 16, 5],
			"to": [9.1, 16, 11],
			"rotation": {"angle": 0, "axis": "y", "origin": [8, 0, 8]},
			"faces": {
				"north": {"uv": [0, 0, 0, 0], "texture": "#1"},
				"east": {"uv": [0, 0, 0, 0], "texture": "#1"},
				"south": {"uv": [0, 0, 0, 0], "texture": "#1"},
				"west": {"uv": [0, 0, 0, 0], "texture": "#1"},
				"up": {"uv": [1, 10, 2, 8], "texture": "#1"},
				"down": {"uv": [1, 8, 2, 10], "texture": "#1"}
			}
		},
		{
			"name": "LBoot_West",
			"from": [3.1, 2, 5],
			"to": [3.1, 16, 11],
			"rotation": {"angle": 0, "axis": "y", "origin": [8, 0, 8]},
			"faces": {
				"north": {"uv": [0, 0, 0, 0], "texture": "#1"},
				"east": {"uv": [0, 10, 1, 16], "texture": "#1"},
				"south": {"uv": [0, 0, 0, 0], "texture": "#1"},
				"west": {"uv": [1, 10, 0, 16], "texture": "#1"},
				"up": {"uv": [0, 0, 0, 0], "texture": "#1"},
				"down": {"uv": [0, 0, 0, 0], "texture": "#1"}
			}
		},
		{
			"name": "LBoot_East",
			"from": [9.1, 2, 5],
			"to": [9.1, 16, 11],
			"rotation": {"angle": 0, "axis": "y", "origin": [8, 0, 8]},
			"faces": {
				"north": {"uv": [0, 0, 0, 0], "texture": "#1"},
				"east": {"uv": [3, 10, 2, 16], "texture": "#1"},
				"south": {"uv": [0, 0, 0, 0], "texture": "#1"},
				"west": {"uv": [2, 10, 3, 16], "texture": "#1"},
				"up": {"uv": [0, 0, 0, 0], "texture": "#1"},
				"down": {"uv": [0, 0, 0, 0], "texture": "#1"}
			}
		},
		{
			"name": "LBoot_South",
			"from": [3.1, 2, 11],
			"to": [9.1, 16, 11],
			"rotation": {"angle": 0, "axis": "y", "origin": [8, 0, 8]},
			"faces": {
				"north": {"uv": [3, 10, 4, 16], "texture": "#1"},
				"east": {"uv": [0, 0, 0, 0], "texture": "#1"},
				"south": {"uv": [4, 10, 3, 16], "texture": "#1"},
				"west": {"uv": [0, 0, 0, 0], "texture": "#1"},
				"up": {"uv": [0, 0, 0, 0], "texture": "#1"},
				"down": {"uv": [0, 0, 0, 0], "texture": "#1"}
			}
		},
		{
			"name": "LBoot_North",
			"from": [3.1, 2, 5],
			"to": [9.1, 16, 5],
			"rotation": {"angle": 0, "axis": "y", "origin": [8, 0, 8]},
			"faces": {
				"north": {"uv": [2, 10, 1, 16], "texture": "#1"},
				"east": {"uv": [0, 0, 0, 0], "texture": "#1"},
				"south": {"uv": [1, 10, 2, 16], "texture": "#1"},
				"west": {"uv": [0, 0, 0, 0], "texture": "#1"},
				"up": {"uv": [0, 0, 0, 0], "texture": "#1"},
				"down": {"uv": [0, 0, 0, 0], "texture": "#1"}
			}
		},
		{
			"name": "RBoot_Bottom",
			"from": [6.9, 2, 5],
			"to": [12.9, 2, 11],
			"rotation": {"angle": 0, "axis": "y", "origin": [8, 0, 8]},
			"faces": {
				"north": {"uv": [0, 0, 0, 0], "texture": "#1"},
				"east": {"uv": [0, 0, 0, 0], "texture": "#1"},
				"south": {"uv": [0, 0, 0, 0], "texture": "#1"},
				"west": {"uv": [0, 0, 0, 0], "texture": "#1"},
				"up": {"uv": [3, 10, 2, 8], "texture": "#1"},
				"down": {"uv": [3, 8, 2, 10], "texture": "#1"}
			}
		},
		{
			"name": "RBoot_Top",
			"from": [6.9, 16, 5],
			"to": [12.9, 16, 11],
			"rotation": {"angle": 0, "axis": "y", "origin": [8, 0, 8]},
			"faces": {
				"north": {"uv": [0, 0, 0, 0], "texture": "#1"},
				"east": {"uv": [0, 0, 0, 0], "texture": "#1"},
				"south": {"uv": [0, 0, 0, 0], "texture": "#1"},
				"west": {"uv": [0, 0, 0, 0], "texture": "#1"},
				"up": {"uv": [2, 10, 1, 8], "texture": "#1"},
				"down": {"uv": [2, 8, 1, 10], "texture": "#1"}
			}
		},
		{
			"name": "RBoot_West",
			"from": [6.9, 2, 5],
			"to": [6.9, 16, 11],
			"rotation": {"angle": 0, "axis": "y", "origin": [8, 0, 8]},
			"faces": {
				"north": {"uv": [0, 0, 0, 0], "texture": "#1"},
				"east": {"uv": [3, 10, 2, 16], "texture": "#1"},
				"south": {"uv": [0, 0, 0, 0], "texture": "#1"},
				"west": {"uv": [2, 10, 3, 16], "texture": "#1"},
				"up": {"uv": [0, 0, 0, 0], "texture": "#1"},
				"down": {"uv": [0, 0, 0, 0], "texture": "#1"}
			}
		},
		{
			"name": "RBoot_East",
			"from": [12.9, 2, 5],
			"to": [12.9, 16, 11],
			"rotation": {"angle": 0, "axis": "y", "origin": [8, 0, 8]},
			"faces": {
				"north": {"uv": [0, 0, 0, 0], "texture": "#1"},
				"east": {"uv": [0, 10, 1, 16], "texture": "#1"},
				"south": {"uv": [0, 0, 0, 0], "texture": "#1"},
				"west": {"uv": [1, 10, 0, 16], "texture": "#1"},
				"up": {"uv": [0, 0, 0, 0], "texture": "#1"},
				"down": {"uv": [0, 0, 0, 0], "texture": "#1"}
			}
		},
		{
			"name": "RBoot_South",
			"from": [6.9, 2, 11],
			"to": [12.9, 16, 11],
			"rotation": {"angle": 0, "axis": "y", "origin": [8, 0, 8]},
			"faces": {
				"north": {"uv": [4, 10, 3, 16], "texture": "#1"},
				"east": {"uv": [0, 0, 0, 0], "texture": "#1"},
				"south": {"uv": [3, 10, 4, 16], "texture": "#1"},
				"west": {"uv": [0, 0, 0, 0], "texture": "#1"},
				"up": {"uv": [0, 0, 0, 0], "texture": "#1"},
				"down": {"uv": [0, 0, 0, 0], "texture": "#1"}
			}
		},
		{
			"name": "RBoot_North",
			"from": [6.9, 2, 5],
			"to": [12.9, 16, 5],
			"rotation": {"angle": 0, "axis": "y", "origin": [8, 0, 8]},
			"faces": {
				"north": {"uv": [1, 10, 2, 16], "texture": "#1"},
				"east": {"uv": [0, 0, 0, 0], "texture": "#1"},
				"south": {"uv": [2, 10, 1, 16], "texture": "#1"},
				"west": {"uv": [0, 0, 0, 0], "texture": "#1"},
				"up": {"uv": [0, 0, 0, 0], "texture": "#1"},
				"down": {"uv": [0, 0, 0, 0], "texture": "#1"}
			}
		}
	],
	"gui_light": "front",
	"display": {
		"thirdperson_righthand": {
			"rotation": [75, 45, 0],
			"translation": [0, 2.5, 0],
			"scale": [0.375, 0.375, 0.375]
		},
		"thirdperson_lefthand": {
			"rotation": [75, 45, 0],
			"translation": [0, 2.5, 0],
			"scale": [0.375, 0.375, 0.375]
		},
		"firstperson_righthand": {
			"rotation": [0, 45, 0],
			"scale": [0.4, 0.4, 0.4]
		},
		"firstperson_lefthand": {
			"rotation": [0, 225, 0],
			"scale": [0.4, 0.4, 0.4]
		},
		"ground": {
			"translation": [0, 3, 0],
			"scale": [0.25, 0.25, 0.25]
		},
		"gui": {
			"rotation": [30, 225, 0],
			"scale": [0.625, 0.625, 0.625]
		},
		"head": {
			"rotation": [0, 180, 0],
			"translation": [0, 13, 7]
		},
		"fixed": {
			"scale": [0.5, 0.5, 0.5]
		}
	},
	"groups": [
		{
			"name": "boots",
			"origin": [8, 8, 8],
			"color": 0,
			"nbt": "{}",
			"children": [
				{
					"name": "LeftLeg",
					"origin": [6.1, 12, 8],
					"color": 0,
					"nbt": "{}",
					"children": [0, 1, 2, 3, 4, 5]
				},
				{
					"name": "RightLeg",
					"origin": [9.9, 12, 8],
					"color": 0,
					"nbt": "{}",
					"children": [6, 7, 8, 9, 10, 11]
				}
			]
		},
		{
			"name": "boots_overlay",
			"origin": [8, 8, 8],
			"color": 0,
			"nbt": "{}",
			"children": [
				{
					"name": "LeftLeg",
					"origin": [6.1, 12, 8],
					"color": 0,
					"nbt": "{}",
					"children": [12, 13, 14, 15, 16, 17]
				},
				{
					"name": "RightLeg",
					"origin": [9.9, 12, 8],
					"color": 0,
					"nbt": "{}",
					"children": [18, 19, 20, 21, 22, 23]
				}
			]
		}
	]
}