{
	"credit": "Made with Blockbench",
	"texture_size": [64, 32],
	"textures": {
		"0": "#base",
		"1": "item/armor/transparency",
		"particle": "#base"
	},
	"elements": [
		{
			"name": "LArm_Bottom",
			"from": [-1, 1, 5],
			"to": [5, 1, 11],
			"rotation": {"angle": 0, "axis": "y", "origin": [8, 0, 8]},
			"faces": {
				"north": {"uv": [0, 0, 0, 0], "texture": "#1"},
				"east": {"uv": [0, 0, 0, 0], "texture": "#1"},
				"south": {"uv": [0, 0, 0, 0], "texture": "#1"},
				"west": {"uv": [0, 0, 0, 0], "texture": "#1"},
				"up": {"uv": [12, 10, 13, 8], "texture": "#1"},
				"down": {"uv": [12, 8, 13, 10], "texture": "#1"}
			}
		},
		{
			"name": "LArm_Top",
			"from": [-1, 15, 5],
			"to": [5, 15, 11],
			"rotation": {"angle": 0, "axis": "y", "origin": [8, 0, 8]},
			"faces": {
				"north": {"uv": [0, 0, 0, 0], "texture": "#1"},
				"east": {"uv": [0, 0, 0, 0], "texture": "#1"},
				"south": {"uv": [0, 0, 0, 0], "texture": "#1"},
				"west": {"uv": [0, 0, 0, 0], "texture": "#1"},
				"up": {"uv": [11, 10, 12, 8], "texture": "#1"},
				"down": {"uv": [11, 8, 12, 10], "texture": "#1"}
			}
		},
		{
			"name": "LArm_East",
			"from": [5, 1, 5],
			"to": [5, 15, 11],
			"rotation": {"angle": 0, "axis": "y", "origin": [8, 0, 8]},
			"faces": {
				"north": {"uv": [0, 0, 0, 0], "texture": "#1"},
				"east": {"uv": [13, 10, 12, 16], "texture": "#1"},
				"south": {"uv": [0, 0, 0, 0], "texture": "#1"},
				"west": {"uv": [12, 10, 13, 16], "texture": "#1"},
				"up": {"uv": [0, 0, 0, 0], "texture": "#1"},
				"down": {"uv": [0, 0, 0, 0], "texture": "#1"}
			}
		},
		{
			"name": "LArm_West",
			"from": [-1, 1, 5],
			"to": [-1, 15, 11],
			"rotation": {"angle": 0, "axis": "y", "origin": [8, 0, 8]},
			"faces": {
				"north": {"uv": [0, 0, 0, 0], "texture": "#1"},
				"east": {"uv": [10, 10, 11, 16], "texture": "#1"},
				"south": {"uv": [0, 0, 0, 0], "texture": "#1"},
				"west": {"uv": [11, 10, 10, 16], "texture": "#1"},
				"up": {"uv": [0, 0, 0, 0], "texture": "#1"},
				"down": {"uv": [0, 0, 0, 0], "texture": "#1"}
			}
		},
		{
			"name": "LArm_North",
			"from": [-1, 1, 5],
			"to": [5, 15, 5],
			"rotation": {"angle": 0, "axis": "y", "origin": [8, 0, 8]},
			"faces": {
				"north": {"uv": [12, 10, 11, 16], "texture": "#1"},
				"east": {"uv": [0, 0, 0, 0], "texture": "#1"},
				"south": {"uv": [11, 10, 12, 16], "texture": "#1"},
				"west": {"uv": [0, 0, 0, 0], "texture": "#1"},
				"up": {"uv": [0, 0, 0, 0], "texture": "#1"},
				"down": {"uv": [0, 0, 0, 0], "texture": "#1"}
			}
		},
		{
			"name": "LArm_South",
			"from": [-1, 1, 11],
			"to": [5, 15, 11],
			"rotation": {"angle": 0, "axis": "y", "origin": [8, 0, 8]},
			"faces": {
				"north": {"uv": [13, 10, 14, 16], "texture": "#1"},
				"east": {"uv": [0, 0, 0, 0], "texture": "#1"},
				"south": {"uv": [14, 10, 13, 16], "texture": "#1"},
				"west": {"uv": [0, 0, 0, 0], "texture": "#1"},
				"up": {"uv": [0, 0, 0, 0], "texture": "#1"},
				"down": {"uv": [0, 0, 0, 0], "texture": "#1"}
			}
		},
		{
			"name": "RArm_Bottom",
			"from": [11, 1, 5],
			"to": [17, 15, 11],
			"rotation": {"angle": 0, "axis": "y", "origin": [8, 0, 8]},
			"faces": {
				"north": {"uv": [0, 0, 0, 0], "texture": "#1"},
				"east": {"uv": [0, 0, 0, 0], "texture": "#1"},
				"south": {"uv": [0, 0, 0, 0], "texture": "#1"},
				"west": {"uv": [0, 0, 0, 0], "texture": "#1"},
				"up": {"uv": [13, 10, 12, 8], "texture": "#1"},
				"down": {"uv": [13, 8, 12, 10], "texture": "#1"}
			}
		},
		{
			"name": "RArm_Top",
			"from": [11, 15, 5],
			"to": [17, 15, 11],
			"rotation": {"angle": 0, "axis": "y", "origin": [8, 0, 8]},
			"faces": {
				"north": {"uv": [0, 0, 0, 0], "texture": "#1"},
				"east": {"uv": [0, 0, 0, 0], "texture": "#1"},
				"south": {"uv": [0, 0, 0, 0], "texture": "#1"},
				"west": {"uv": [0, 0, 0, 0], "texture": "#1"},
				"up": {"uv": [12, 10, 11, 8], "texture": "#1"},
				"down": {"uv": [12, 8, 11, 10], "texture": "#1"}
			}
		},
		{
			"name": "RArm_West",
			"from": [11, 1, 5],
			"to": [11, 15, 11],
			"rotation": {"angle": 0, "axis": "y", "origin": [8, 0, 8]},
			"faces": {
				"north": {"uv": [0, 0, 0, 0], "texture": "#1"},
				"east": {"uv": [13, 10, 12, 16], "texture": "#1"},
				"south": {"uv": [0, 0, 0, 0], "texture": "#1"},
				"west": {"uv": [12, 10, 13, 16], "texture": "#1"},
				"up": {"uv": [0, 0, 0, 0], "texture": "#1"},
				"down": {"uv": [0, 0, 0, 0], "texture": "#1"}
			}
		},
		{
			"name": "RArm_East",
			"from": [17, 1, 5],
			"to": [17, 15, 11],
			"rotation": {"angle": 0, "axis": "y", "origin": [8, 0, 8]},
			"faces": {
				"north": {"uv": [0, 0, 0, 0], "texture": "#1"},
				"east": {"uv": [10, 10, 11, 16], "texture": "#1"},
				"south": {"uv": [0, 0, 0, 0], "texture": "#1"},
				"west": {"uv": [11, 10, 10, 16], "texture": "#1"},
				"up": {"uv": [0, 0, 0, 0], "texture": "#1"},
				"down": {"uv": [0, 0, 0, 0], "texture": "#1"}
			}
		},
		{
			"name": "RArm_South",
			"from": [11, 1, 11],
			"to": [17, 15, 11],
			"rotation": {"angle": 0, "axis": "y", "origin": [8, 0, 8]},
			"faces": {
				"north": {"uv": [14, 10, 13, 16], "texture": "#1"},
				"east": {"uv": [0, 0, 0, 0], "texture": "#1"},
				"south": {"uv": [13, 10, 14, 16], "texture": "#1"},
				"west": {"uv": [0, 0, 0, 0], "texture": "#1"},
				"up": {"uv": [0, 0, 0, 0], "texture": "#1"},
				"down": {"uv": [0, 0, 0, 0], "texture": "#1"}
			}
		},
		{
			"name": "RArm_North",
			"from": [11, 1, 5],
			"to": [17, 15, 5],
			"rotation": {"angle": 0, "axis": "y", "origin": [8, 0, 8]},
			"faces": {
				"north": {"uv": [11, 10, 12, 16], "texture": "#1"},
				"east": {"uv": [0, 0, 0, 0], "texture": "#1"},
				"south": {"uv": [12, 10, 11, 16], "texture": "#1"},
				"west": {"uv": [0, 0, 0, 0], "texture": "#1"},
				"up": {"uv": [0, 0, 0, 0], "texture": "#1"},
				"down": {"uv": [0, 0, 0, 0], "texture": "#1"}
			}
		},
		{
			"name": "Chest_Bottom",
			"from": [2.99, 0.99, 4.99],
			"to": [13.01, 1.01, 11.01],
			"rotation": {"angle": 0, "axis": "y", "origin": [8, 0, 8]},
			"faces": {
				"north": {"uv": [0, 0, 0, 0], "texture": "#1"},
				"east": {"uv": [0, 0, 0, 0], "texture": "#1"},
				"south": {"uv": [0, 0, 0, 0], "texture": "#1"},
				"west": {"uv": [0, 0, 0, 0], "texture": "#1"},
				"up": {"uv": [9, 10, 7, 8], "texture": "#1"},
				"down": {"uv": [9, 8, 7, 10], "texture": "#1"}
			}
		},
		{
			"name": "Chest_Top",
			"from": [2.99, 14.99, 4.99],
			"to": [13.01, 15.01, 11.01],
			"rotation": {"angle": 0, "axis": "y", "origin": [8, 0, 8]},
			"faces": {
				"north": {"uv": [0, 0, 0, 0], "texture": "#1"},
				"east": {"uv": [0, 0, 0, 0], "texture": "#1"},
				"south": {"uv": [0, 0, 0, 0], "texture": "#1"},
				"west": {"uv": [0, 0, 0, 0], "texture": "#1"},
				"up": {"uv": [7, 10, 5, 8], "texture": "#1"},
				"down": {"uv": [7, 8, 5, 10], "texture": "#1"}
			}
		},
		{
			"name": "Chest_West",
			"from": [2.99, 0.99, 4.99],
			"to": [3.01, 15.01, 11.01],
			"rotation": {"angle": 0, "axis": "y", "origin": [8, 0, 8]},
			"faces": {
				"north": {"uv": [0, 0, 0, 0], "texture": "#1"},
				"east": {"uv": [8, 10, 7, 16], "texture": "#1"},
				"south": {"uv": [0, 0, 0, 0], "texture": "#1"},
				"west": {"uv": [7, 10, 8, 16], "texture": "#1"},
				"up": {"uv": [0, 0, 0, 0], "texture": "#1"},
				"down": {"uv": [0, 0, 0, 0], "texture": "#1"}
			}
		},
		{
			"name": "Chest_East",
			"from": [12.99, 0.99, 4.99],
			"to": [13.01, 15.01, 11.01],
			"rotation": {"angle": 0, "axis": "y", "origin": [8, 0, 8]},
			"faces": {
				"north": {"uv": [0, 0, 0, 0], "texture": "#1"},
				"east": {"uv": [4, 10, 5, 16], "texture": "#1"},
				"south": {"uv": [0, 0, 0, 0], "texture": "#1"},
				"west": {"uv": [5, 10, 4, 16], "texture": "#1"},
				"up": {"uv": [0, 0, 0, 0], "texture": "#1"},
				"down": {"uv": [0, 0, 0, 0], "texture": "#1"}
			}
		},
		{
			"name": "Chest_South",
			"from": [2.99, 0.99, 10.99],
			"to": [13.01, 15.01, 11.01],
			"rotation": {"angle": 0, "axis": "y", "origin": [8, 0, 8]},
			"faces": {
				"north": {"uv": [10, 10, 8, 16], "texture": "#1"},
				"east": {"uv": [0, 0, 0, 0], "texture": "#1"},
				"south": {"uv": [8, 10, 10, 16], "texture": "#1"},
				"west": {"uv": [0, 0, 0, 0], "texture": "#1"},
				"up": {"uv": [0, 0, 0, 0], "texture": "#1"},
				"down": {"uv": [0, 0, 0, 0], "texture": "#1"}
			}
		},
		{
			"name": "Chest_North",
			"from": [2.99, 0.99, 4.99],
			"to": [13.01, 15.01, 5.01],
			"rotation": {"angle": 0, "axis": "y", "origin": [8, 0, 8]},
			"faces": {
				"north": {"uv": [5, 10, 7, 16], "texture": "#1"},
				"east": {"uv": [0, 0, 0, 0], "texture": "#1"},
				"south": {"uv": [7, 10, 5, 16], "texture": "#1"},
				"west": {"uv": [0, 0, 0, 0], "texture": "#1"},
				"up": {"uv": [0, 0, 0, 0], "texture": "#1"},
				"down": {"uv": [0, 0, 0, 0], "texture": "#1"}
			}
		},
		{
			"name": "LArm_Bottom",
			"from": [-1, 1, 5],
			"to": [5, 1, 11],
			"rotation": {"angle": 0, "axis": "y", "origin": [8, 0, 8]},
			"faces": {
				"up": {"uv": [12, 10, 13, 8], "texture": "#0"},
				"down": {"uv": [12, 8, 13, 10], "texture": "#0"}
			}
		},
		{
			"name": "LArm_Top",
			"from": [-1, 15, 5],
			"to": [5, 15, 11],
			"rotation": {"angle": 0, "axis": "y", "origin": [8, 0, 8]},
			"faces": {
				"up": {"uv": [11, 10, 12, 8], "texture": "#0"},
				"down": {"uv": [11, 8, 12, 10], "texture": "#0"}
			}
		},
		{
			"name": "LArm_East",
			"from": [5, 1, 5],
			"to": [5, 15, 11],
			"rotation": {"angle": 0, "axis": "y", "origin": [8, 0, 8]},
			"faces": {
				"east": {"uv": [13, 10, 12, 16], "texture": "#0"},
				"west": {"uv": [12, 10, 13, 16], "texture": "#0"}
			}
		},
		{
			"name": "LArm_West",
			"from": [-1, 1, 5],
			"to": [-1, 15, 11],
			"rotation": {"angle": 0, "axis": "y", "origin": [8, 0, 8]},
			"faces": {
				"east": {"uv": [10, 10, 11, 16], "texture": "#0"},
				"west": {"uv": [11, 10, 10, 16], "texture": "#0"}
			}
		},
		{
			"name": "LArm_North",
			"from": [-1, 1, 5],
			"to": [5, 15, 5],
			"rotation": {"angle": 0, "axis": "y", "origin": [8, 0, 8]},
			"faces": {
				"north": {"uv": [12, 10, 11, 16], "texture": "#0"},
				"south": {"uv": [11, 10, 12, 16], "texture": "#0"}
			}
		},
		{
			"name": "LArm_South",
			"from": [-1, 1, 11],
			"to": [5, 15, 11],
			"rotation": {"angle": 0, "axis": "y", "origin": [8, 0, 8]},
			"faces": {
				"north": {"uv": [13, 10, 14, 16], "texture": "#0"},
				"south": {"uv": [14, 10, 13, 16], "texture": "#0"}
			}
		},
		{
			"name": "RArm_Bottom",
			"from": [11, 1, 5],
			"to": [17, 15, 11],
			"rotation": {"angle": 0, "axis": "y", "origin": [8, 0, 8]},
			"faces": {
				"up": {"uv": [13, 10, 12, 8], "texture": "#0"},
				"down": {"uv": [13, 8, 12, 10], "texture": "#0"}
			}
		},
		{
			"name": "RArm_Top",
			"from": [11, 15, 5],
			"to": [17, 15, 11],
			"rotation": {"angle": 0, "axis": "y", "origin": [8, 0, 8]},
			"faces": {
				"up": {"uv": [12, 10, 11, 8], "texture": "#0"},
				"down": {"uv": [12, 8, 11, 10], "texture": "#0"}
			}
		},
		{
			"name": "RArm_West",
			"from": [11, 1, 5],
			"to": [11, 15, 11],
			"rotation": {"angle": 0, "axis": "y", "origin": [8, 0, 8]},
			"faces": {
				"east": {"uv": [13, 10, 12, 16], "texture": "#0"},
				"west": {"uv": [12, 10, 13, 16], "texture": "#0"}
			}
		},
		{
			"name": "RArm_East",
			"from": [17, 1, 5],
			"to": [17, 15, 11],
			"rotation": {"angle": 0, "axis": "y", "origin": [8, 0, 8]},
			"faces": {
				"east": {"uv": [10, 10, 11, 16], "texture": "#0"},
				"west": {"uv": [11, 10, 10, 16], "texture": "#0"}
			}
		},
		{
			"name": "RArm_South",
			"from": [11, 1, 11],
			"to": [17, 15, 11],
			"rotation": {"angle": 0, "axis": "y", "origin": [8, 0, 8]},
			"faces": {
				"north": {"uv": [14, 10, 13, 16], "texture": "#0"},
				"south": {"uv": [13, 10, 14, 16], "texture": "#0"}
			}
		},
		{
			"name": "RArm_North",
			"from": [11, 1, 5],
			"to": [17, 15, 5],
			"rotation": {"angle": 0, "axis": "y", "origin": [8, 0, 8]},
			"faces": {
				"north": {"uv": [11, 10, 12, 16], "texture": "#0"},
				"south": {"uv": [12, 10, 11, 16], "texture": "#0"}
			}
		},
		{
			"name": "Chest_Bottom",
			"from": [2.99, 0.99, 4.99],
			"to": [13.01, 1.01, 11.01],
			"rotation": {"angle": 0, "axis": "y", "origin": [8, 0, 8]},
			"faces": {
				"up": {"uv": [9, 10, 7, 8], "texture": "#0"},
				"down": {"uv": [9, 8, 7, 10], "texture": "#0"}
			}
		},
		{
			"name": "Chest_Top",
			"from": [2.99, 14.99, 4.99],
			"to": [13.01, 15.01, 11.01],
			"rotation": {"angle": 0, "axis": "y", "origin": [8, 0, 8]},
			"faces": {
				"up": {"uv": [7, 10, 5, 8], "texture": "#0"},
				"down": {"uv": [7, 8, 5, 10], "texture": "#0"}
			}
		},
		{
			"name": "Chest_West",
			"from": [2.99, 0.99, 4.99],
			"to": [3.01, 15.01, 11.01],
			"rotation": {"angle": 0, "axis": "y", "origin": [8, 0, 8]},
			"faces": {
				"east": {"uv": [8, 10, 7, 16], "texture": "#0"},
				"west": {"uv": [7, 10, 8, 16], "texture": "#0"}
			}
		},
		{
			"name": "Chest_East",
			"from": [12.99, 0.99, 4.99],
			"to": [13.01, 15.01, 11.01],
			"rotation": {"angle": 0, "axis": "y", "origin": [8, 0, 8]},
			"faces": {
				"east": {"uv": [4, 10, 5, 16], "texture": "#0"},
				"west": {"uv": [5, 10, 4, 16], "texture": "#0"}
			}
		},
		{
			"name": "Chest_South",
			"from": [2.99, 0.99, 10.99],
			"to": [13.01, 15.01, 11.01],
			"rotation": {"angle": 0, "axis": "y", "origin": [8, 0, 8]},
			"faces": {
				"north": {"uv": [10, 10, 8, 16], "texture": "#0"},
				"south": {"uv": [8, 10, 10, 16], "texture": "#0"}
			}
		},
		{
			"name": "Chest_North",
			"from": [2.99, 0.99, 4.99],
			"to": [13.01, 15.01, 5.01],
			"rotation": {"angle": 0, "axis": "y", "origin": [8, 0, 8]},
			"faces": {
				"north": {"uv": [5, 10, 7, 16], "texture": "#0"},
				"south": {"uv": [7, 10, 5, 16], "texture": "#0"}
			}
		}
	],
	"gui_light": "front",
	"display": {
		"thirdperson_righthand": {
			"rotation": [75, 45, 0],
			"translation": [0, 2.5, 0],
			"scale": [0.375, 0.375, 0.375]
		},
		"thirdperson_lefthand": {
			"rotation": [75, 45, 0],
			"translation": [0, 2.5, 0],
			"scale": [0.375, 0.375, 0.375]
		},
		"firstperson_righthand": {
			"rotation": [0, 45, 0],
			"scale": [0.4, 0.4, 0.4]
		},
		"firstperson_lefthand": {
			"rotation": [0, 225, 0],
			"scale": [0.4, 0.4, 0.4]
		},
		"ground": {
			"translation": [0, 3, 0],
			"scale": [0.25, 0.25, 0.25]
		},
		"gui": {
			"rotation": [30, 225, 0],
			"scale": [0.625, 0.625, 0.625]
		},
		"head": {
			"rotation": [0, 180, 0],
			"translation": [0, 13, 7]
		},
		"fixed": {
			"scale": [0.5, 0.5, 0.5]
		}
	},
	"groups": [
		{
			"name": "chestplate",
			"origin": [8, 8, 8],
			"color": 0,
			"nbt": "{}",
			"children": [
				{
					"name": "LeftArm",
					"origin": [3, 22, 8],
					"color": 0,
					"nbt": "{}",
					"children": [0, 1, 2, 3, 4, 5]
				},
				{
					"name": "RightArm",
					"origin": [13, 22, 8],
					"color": 0,
					"nbt": "{}",
					"children": [6, 7, 8, 9, 10, 11]
				},
				{
					"name": "Body",
					"origin": [8, 24, 8],
					"color": 0,
					"nbt": "{}",
					"children": [12, 13, 14, 15, 16, 17]
				}
			]
		},
		{
			"name": "chestplate_overlay",
			"origin": [8, 8, 8],
			"color": 0,
			"nbt": "{}",
			"children": [
				{
					"name": "LeftArm",
					"origin": [3, 22, 8],
					"color": 0,
					"nbt": "{}",
					"children": [18, 19, 20, 21, 22, 23]
				},
				{
					"name": "RightArm",
					"origin": [13, 22, 8],
					"color": 0,
					"nbt": "{}",
					"children": [24, 25, 26, 27, 28, 29]
				},
				{
					"name": "Body",
					"origin": [8, 24, 8],
					"color": 0,
					"nbt": "{}",
					"children": [30, 31, 32, 33, 34, 35]
				}
			]
		}
	]
}