{
	"credit": "Made with Blockbench",
	"texture_size": [64, 32],
	"textures": {
		"0": "#base",
		"1": "item/armor/transparency",
		"particle": "#base"
	},
	"elements": [
		{
			"name": "Helm_Bottom",
			"from": [3, 1, 3],
			"to": [13, 1, 13],
			"rotation": {"angle": 0, "axis": "y", "origin": [8, 0, 8]},
			"faces": {
				"up": {"uv": [6, 4, 4, 0], "texture": "#0"},
				"down": {"uv": [6, 0, 4, 4], "texture": "#0"}
			}
		},
		{
			"name": "Helm_Top",
			"from": [3, 11, 3],
			"to": [13, 11, 13],
			"rotation": {"angle": 0, "axis": "y", "origin": [8, 0, 8]},
			"faces": {
				"up": {"uv": [4, 4, 2, 0], "texture": "#0"},
				"down": {"uv": [4, 0, 2, 4], "texture": "#0"}
			}
		},
		{
			"name": "Helm_West",
			"from": [3, 1, 3],
			"to": [3, 11, 13],
			"rotation": {"angle": 0, "axis": "y", "origin": [8, 0, 8]},
			"faces": {
				"east": {"uv": [6, 4, 4, 8], "texture": "#0"},
				"west": {"uv": [4, 4, 6, 8], "texture": "#0"}
			}
		},
		{
			"name": "Helm_East",
			"from": [13, 1, 3],
			"to": [13, 11, 13],
			"rotation": {"angle": 0, "axis": "y", "origin": [8, 0, 8]},
			"faces": {
				"east": {"uv": [0, 4, 2, 8], "texture": "#0"},
				"west": {"uv": [2, 4, 0, 8], "texture": "#0"}
			}
		},
		{
			"name": "Helm_South",
			"from": [3, 1, 13],
			"to": [13, 11, 13],
			"rotation": {"angle": 0, "axis": "y", "origin": [8, 0, 8]},
			"faces": {
				"north": {"uv": [8, 4, 6, 8], "texture": "#0"},
				"south": {"uv": [6, 4, 8, 8], "texture": "#0"}
			}
		},
		{
			"name": "Helm_North",
			"from": [3, 1, 3],
			"to": [13, 11, 3],
			"rotation": {"angle": 0, "axis": "y", "origin": [8, 0, 8]},
			"faces": {
				"north": {"uv": [2, 4, 4, 8], "texture": "#0"},
				"south": {"uv": [4, 4, 2, 8], "texture": "#0"}
			}
		},
		{
			"name": "Hat_Bottom",
			"from": [2.5, 0.5, 2.5],
			"to": [13.5, 0.5, 13.5],
			"rotation": {"angle": 0, "axis": "y", "origin": [8, 0, 8]},
			"faces": {
				"up": {"uv": [14, 4, 12, 0], "texture": "#0"},
				"down": {"uv": [14, 0, 12, 4], "texture": "#0"}
			}
		},
		{
			"name": "Hat_Top",
			"from": [2.5, 11.5, 2.5],
			"to": [13.5, 11.5, 13.5],
			"rotation": {"angle": 0, "axis": "y", "origin": [8, 0, 8]},
			"faces": {
				"up": {"uv": [12, 4, 10, 0], "texture": "#0"},
				"down": {"uv": [12, 0, 10, 4], "texture": "#0"}
			}
		},
		{
			"name": "Hat_West",
			"from": [2.5, 0.5, 2.5],
			"to": [2.5, 11.5, 13.5],
			"rotation": {"angle": 0, "axis": "y", "origin": [8, 0, 8]},
			"faces": {
				"east": {"uv": [14, 4, 12, 8], "texture": "#0"},
				"west": {"uv": [12, 4, 14, 8], "texture": "#0"}
			}
		},
		{
			"name": "Hat_East",
			"from": [13.5, 0.5, 2.5],
			"to": [13.5, 11.5, 13.5],
			"rotation": {"angle": 0, "axis": "y", "origin": [8, 0, 8]},
			"faces": {
				"east": {"uv": [8, 4, 10, 8], "texture": "#0"},
				"west": {"uv": [10, 4, 8, 8], "texture": "#0"}
			}
		},
		{
			"name": "Hat_South",
			"from": [2.5, 0.5, 13.5],
			"to": [13.5, 11.5, 13.5],
			"rotation": {"angle": 0, "axis": "y", "origin": [8, 0, 8]},
			"faces": {
				"north": {"uv": [14, 4, 16, 8], "texture": "#0"},
				"south": {"uv": [14, 4, 16, 8], "texture": "#0"}
			}
		},
		{
			"name": "Hat_North",
			"from": [2.5, 0.5, 2.5],
			"to": [13.5, 11.5, 2.5],
			"rotation": {"angle": 0, "axis": "y", "origin": [8, 0, 8]},
			"faces": {
				"north": {"uv": [10, 4, 12, 8], "texture": "#0"},
				"south": {"uv": [12, 4, 10, 8], "texture": "#0"}
			}
		},
		{
			"name": "Helm_Bottom",
			"from": [3, 1, 3],
			"to": [13, 1, 13],
			"rotation": {"angle": 0, "axis": "y", "origin": [8, 0, 8]},
			"faces": {
				"north": {"uv": [0, 0, 0, 0], "texture": "#1"},
				"east": {"uv": [0, 0, 0, 0], "texture": "#1"},
				"south": {"uv": [0, 0, 0, 0], "texture": "#1"},
				"west": {"uv": [0, 0, 0, 0], "texture": "#1"},
				"up": {"uv": [6, 4, 4, 0], "texture": "#1"},
				"down": {"uv": [6, 0, 4, 4], "texture": "#1"}
			}
		},
		{
			"name": "Helm_Top",
			"from": [3, 11, 3],
			"to": [13, 11, 13],
			"rotation": {"angle": 0, "axis": "y", "origin": [8, 0, 8]},
			"faces": {
				"north": {"uv": [0, 0, 0, 0], "texture": "#1"},
				"east": {"uv": [0, 0, 0, 0], "texture": "#1"},
				"south": {"uv": [0, 0, 0, 0], "texture": "#1"},
				"west": {"uv": [0, 0, 0, 0], "texture": "#1"},
				"up": {"uv": [4, 4, 2, 0], "texture": "#1"},
				"down": {"uv": [4, 0, 2, 4], "texture": "#1"}
			}
		},
		{
			"name": "Helm_West",
			"from": [3, 1, 3],
			"to": [3, 11, 13],
			"rotation": {"angle": 0, "axis": "y", "origin": [8, 0, 8]},
			"faces": {
				"north": {"uv": [0, 0, 0, 0], "texture": "#1"},
				"east": {"uv": [6, 4, 4, 8], "texture": "#1"},
				"south": {"uv": [0, 0, 0, 0], "texture": "#1"},
				"west": {"uv": [4, 4, 6, 8], "texture": "#1"},
				"up": {"uv": [0, 0, 0, 0], "texture": "#1"},
				"down": {"uv": [0, 0, 0, 0], "texture": "#1"}
			}
		},
		{
			"name": "Helm_East",
			"from": [13, 1, 3],
			"to": [13, 11, 13],
			"rotation": {"angle": 0, "axis": "y", "origin": [8, 0, 8]},
			"faces": {
				"north": {"uv": [0, 0, 0, 0], "texture": "#1"},
				"east": {"uv": [0, 4, 2, 8], "texture": "#1"},
				"south": {"uv": [0, 0, 0, 0], "texture": "#1"},
				"west": {"uv": [2, 4, 0, 8], "texture": "#1"},
				"up": {"uv": [0, 0, 0, 0], "texture": "#1"},
				"down": {"uv": [0, 0, 0, 0], "texture": "#1"}
			}
		},
		{
			"name": "Helm_South",
			"from": [3, 1, 13],
			"to": [13, 11, 13],
			"rotation": {"angle": 0, "axis": "y", "origin": [8, 0, 8]},
			"faces": {
				"north": {"uv": [8, 4, 6, 8], "texture": "#1"},
				"east": {"uv": [0, 0, 0, 0], "texture": "#1"},
				"south": {"uv": [6, 4, 8, 8], "texture": "#1"},
				"west": {"uv": [0, 0, 0, 0], "texture": "#1"},
				"up": {"uv": [0, 0, 0, 0], "texture": "#1"},
				"down": {"uv": [0, 0, 0, 0], "texture": "#1"}
			}
		},
		{
			"name": "Helm_North",
			"from": [3, 1, 3],
			"to": [13, 11, 3],
			"rotation": {"angle": 0, "axis": "y", "origin": [8, 0, 8]},
			"faces": {
				"north": {"uv": [2, 4, 4, 8], "texture": "#1"},
				"east": {"uv": [0, 0, 0, 0], "texture": "#1"},
				"south": {"uv": [4, 4, 2, 8], "texture": "#1"},
				"west": {"uv": [0, 0, 0, 0], "texture": "#1"},
				"up": {"uv": [0, 0, 0, 0], "texture": "#1"},
				"down": {"uv": [0, 0, 0, 0], "texture": "#1"}
			}
		},
		{
			"name": "Hat_Bottom",
			"from": [2.5, 0.5, 2.5],
			"to": [13.5, 0.5, 13.5],
			"rotation": {"angle": 0, "axis": "y", "origin": [8, 0, 8]},
			"faces": {
				"north": {"uv": [0, 0, 0, 0], "texture": "#1"},
				"east": {"uv": [0, 0, 0, 0], "texture": "#1"},
				"south": {"uv": [0, 0, 0, 0], "texture": "#1"},
				"west": {"uv": [0, 0, 0, 0], "texture": "#1"},
				"up": {"uv": [14, 4, 12, 0], "texture": "#1"},
				"down": {"uv": [14, 0, 12, 4], "texture": "#1"}
			}
		},
		{
			"name": "Hat_Top",
			"from": [2.5, 11.5, 2.5],
			"to": [13.5, 11.5, 13.5],
			"rotation": {"angle": 0, "axis": "y", "origin": [8, 0, 8]},
			"faces": {
				"north": {"uv": [0, 0, 0, 0], "texture": "#1"},
				"east": {"uv": [0, 0, 0, 0], "texture": "#1"},
				"south": {"uv": [0, 0, 0, 0], "texture": "#1"},
				"west": {"uv": [0, 0, 0, 0], "texture": "#1"},
				"up": {"uv": [12, 4, 10, 0], "texture": "#1"},
				"down": {"uv": [12, 0, 10, 4], "texture": "#1"}
			}
		},
		{
			"name": "Hat_West",
			"from": [2.5, 0.5, 2.5],
			"to": [2.5, 11.5, 13.5],
			"rotation": {"angle": 0, "axis": "y", "origin": [8, 0, 8]},
			"faces": {
				"north": {"uv": [0, 0, 0, 0], "texture": "#1"},
				"east": {"uv": [14, 4, 12, 8], "texture": "#1"},
				"south": {"uv": [0, 0, 0, 0], "texture": "#1"},
				"west": {"uv": [12, 4, 14, 8], "texture": "#1"},
				"up": {"uv": [0, 0, 0, 0], "texture": "#1"},
				"down": {"uv": [0, 0, 0, 0], "texture": "#1"}
			}
		},
		{
			"name": "Hat_East",
			"from": [13.5, 0.5, 2.5],
			"to": [13.5, 11.5, 13.5],
			"rotation": {"angle": 0, "axis": "y", "origin": [8, 0, 8]},
			"faces": {
				"north": {"uv": [0, 0, 0, 0], "texture": "#1"},
				"east": {"uv": [8, 4, 10, 8], "texture": "#1"},
				"south": {"uv": [0, 0, 0, 0], "texture": "#1"},
				"west": {"uv": [10, 4, 8, 8], "texture": "#1"},
				"up": {"uv": [0, 0, 0, 0], "texture": "#1"},
				"down": {"uv": [0, 0, 0, 0], "texture": "#1"}
			}
		},
		{
			"name": "Hat_South",
			"from": [2.5, 0.5, 13.5],
			"to": [13.5, 11.5, 13.5],
			"rotation": {"angle": 0, "axis": "y", "origin": [8, 0, 8]},
			"faces": {
				"north": {"uv": [14, 4, 16, 8], "texture": "#1"},
				"east": {"uv": [0, 0, 0, 0], "texture": "#1"},
				"south": {"uv": [14, 4, 16, 8], "texture": "#1"},
				"west": {"uv": [0, 0, 0, 0], "texture": "#1"},
				"up": {"uv": [0, 0, 0, 0], "texture": "#1"},
				"down": {"uv": [0, 0, 0, 0], "texture": "#1"}
			}
		},
		{
			"name": "Hat_North",
			"from": [2.5, 0.5, 2.5],
			"to": [13.5, 11.5, 2.5],
			"rotation": {"angle": 0, "axis": "y", "origin": [8, 0, 8]},
			"faces": {
				"north": {"uv": [10, 4, 12, 8], "texture": "#1"},
				"east": {"uv": [0, 0, 0, 0], "texture": "#1"},
				"south": {"uv": [12, 4, 10, 8], "texture": "#1"},
				"west": {"uv": [0, 0, 0, 0], "texture": "#1"},
				"up": {"uv": [0, 0, 0, 0], "texture": "#1"},
				"down": {"uv": [0, 0, 0, 0], "texture": "#1"}
			}
		}
	],
	"gui_light": "front",
	"display": {
		"thirdperson_righthand": {
			"rotation": [75, 45, 0],
			"translation": [0, 2.5, 0],
			"scale": [0.375, 0.375, 0.375]
		},
		"thirdperson_lefthand": {
			"rotation": [75, 45, 0],
			"translation": [0, 2.5, 0],
			"scale": [0.375, 0.375, 0.375]
		},
		"firstperson_righthand": {
			"rotation": [0, 45, 0],
			"scale": [0.4, 0.4, 0.4]
		},
		"firstperson_lefthand": {
			"rotation": [0, 225, 0],
			"scale": [0.4, 0.4, 0.4]
		},
		"ground": {
			"translation": [0, 3, 0],
			"scale": [0.25, 0.25, 0.25]
		},
		"gui": {
			"rotation": [30, 225, 0],
			"scale": [0.625, 0.625, 0.625]
		},
		"head": {
			"rotation": [0, 180, 0],
			"translation": [0, 13, 7]
		},
		"fixed": {
			"scale": [0.5, 0.5, 0.5]
		}
	},
	"groups": [
		{
			"name": "Helmet",
			"origin": [8, 8, 8],
			"color": 0,
			"nbt": "{}",
			"children": [
				{
					"name": "Head",
					"origin": [8, 24, 8],
					"color": 0,
					"nbt": "{}",
					"children": [0, 1, 2, 3, 4, 5]
				},
				{
					"name": "Hat",
					"origin": [8, 24, 8],
					"color": 0,
					"nbt": "{}",
					"children": [6, 7, 8, 9, 10, 11]
				}
			]
		},
		{
			"name": "Helmet_overlay",
			"origin": [8, 8, 8],
			"color": 0,
			"nbt": "{}",
			"children": [
				{
					"name": "Head",
					"origin": [8, 24, 8],
					"color": 0,
					"nbt": "{}",
					"children": [12, 13, 14, 15, 16, 17]
				},
				{
					"name": "Hat",
					"origin": [8, 24, 8],
					"color": 0,
					"nbt": "{}",
					"children": [18, 19, 20, 21, 22, 23]
				}
			]
		}
	]
}