{
	"credit": "Made with Blockbench",
	"texture_size": [64, 32],
	"textures": {
		"0": "#base",
		"1": "item/armor/transparency",
		"particle": "#base"
	},
	"elements": [
		{
			"name": "Belt_Top",
			"from": [3.49, 24.49, 5.49],
			"to": [12.51, 24.51, 10.51],
			"rotation": {"angle": 0, "axis": "y", "origin": [8, 0, 8]},
			"faces": {
				"up": {"uv": [7, 10, 5, 8], "texture": "#1"},
				"down": {"uv": [7, 8, 5, 10], "texture": "#1"}
			}
		},
		{
			"name": "Belt_Bottom",
			"from": [3.49, 11.49, 5.49],
			"to": [12.51, 11.51, 10.51],
			"rotation": {"angle": 0, "axis": "y", "origin": [8, 0, 8]},
			"faces": {
				"up": {"uv": [9, 10, 7, 8], "texture": "#1"},
				"down": {"uv": [9, 8, 7, 10], "texture": "#1"}
			}
		},
		{
			"name": "Belt_West",
			"from": [3.49, 11.49, 5.49],
			"to": [3.51, 24.51, 10.51],
			"rotation": {"angle": 0, "axis": "y", "origin": [8, 0, 8]},
			"faces": {
				"east": {"uv": [8, 10, 7, 16], "texture": "#1"},
				"west": {"uv": [7, 10, 8, 16], "texture": "#1"}
			}
		},
		{
			"name": "Belt_East",
			"from": [12.49, 11.49, 5.49],
			"to": [12.51, 24.51, 10.51],
			"rotation": {"angle": 0, "axis": "y", "origin": [8, 0, 8]},
			"faces": {
				"east": {"uv": [4, 10, 5, 16], "texture": "#1"},
				"west": {"uv": [5, 10, 4, 16], "texture": "#1"}
			}
		},
		{
			"name": "Belt_North",
			"from": [3.49, 11.49, 5.49],
			"to": [12.51, 24.51, 5.51],
			"rotation": {"angle": 0, "axis": "y", "origin": [8, 0, 8]},
			"faces": {
				"north": {"uv": [5, 10, 7, 16], "texture": "#1"},
				"south": {"uv": [7, 10, 5, 16], "texture": "#1"}
			}
		},
		{
			"name": "Belt_South",
			"from": [3.49, 11.49, 10.49],
			"to": [12.51, 24.51, 10.51],
			"rotation": {"angle": 0, "axis": "y", "origin": [8, 0, 8]},
			"faces": {
				"north": {"uv": [10, 10, 8, 16], "texture": "#1"},
				"south": {"uv": [8, 10, 10, 16], "texture": "#1"}
			}
		},
		{
			"name": "RLeg_East",
			"from": [12.4, -0.5, 5.5],
			"to": [12.4, 12.5, 10.5],
			"rotation": {"angle": 0, "axis": "y", "origin": [8, 0, 8]},
			"faces": {
				"east": {"uv": [0, 10, 1, 16], "texture": "#1"},
				"west": {"uv": [1, 10, 0, 16], "texture": "#1"}
			}
		},
		{
			"name": "RLeg_West",
			"from": [7.4, -0.5, 5.5],
			"to": [7.4, 12.5, 10.5],
			"rotation": {"angle": 0, "axis": "y", "origin": [8, 0, 8]},
			"faces": {
				"east": {"uv": [3, 10, 2, 16], "texture": "#1"},
				"west": {"uv": [2, 10, 3, 16], "texture": "#1"}
			}
		},
		{
			"name": "RLeg_South",
			"from": [7.4, -0.5, 10.5],
			"to": [12.4, 12.5, 10.5],
			"rotation": {"angle": 0, "axis": "y", "origin": [8, 0, 8]},
			"faces": {
				"north": {"uv": [4, 10, 3, 16], "texture": "#1"},
				"south": {"uv": [3, 10, 4, 16], "texture": "#1"}
			}
		},
		{
			"name": "RLeg_North",
			"from": [7.4, -0.5, 5.5],
			"to": [12.4, 12.5, 5.5],
			"rotation": {"angle": 0, "axis": "y", "origin": [8, 0, 8]},
			"faces": {
				"north": {"uv": [1, 10, 2, 16], "texture": "#1"},
				"south": {"uv": [2, 10, 1, 16], "texture": "#1"}
			}
		},
		{
			"name": "RLeg_Top",
			"from": [7.4, 12.5, 5.5],
			"to": [12.4, 12.5, 10.5],
			"rotation": {"angle": 0, "axis": "y", "origin": [8, 0, 8]},
			"faces": {
				"up": {"uv": [2, 10, 1, 8], "texture": "#1"},
				"down": {"uv": [2, 8, 1, 10], "texture": "#1"}
			}
		},
		{
			"name": "RLeg_Bottom",
			"from": [7.4, -0.5, 5.5],
			"to": [12.4, -0.5, 10.5],
			"rotation": {"angle": 0, "axis": "y", "origin": [8, 0, 8]},
			"faces": {
				"up": {"uv": [3, 10, 2, 8], "texture": "#1"},
				"down": {"uv": [3, 8, 2, 10], "texture": "#1"}
			}
		},
		{
			"name": "LLeg_West",
			"from": [3.6, -0.5, 5.5],
			"to": [3.6, 12.5, 10.5],
			"rotation": {"angle": 0, "axis": "y", "origin": [8, 0, 8]},
			"faces": {
				"east": {"uv": [0, 10, 1, 16], "texture": "#1"},
				"west": {"uv": [1, 10, 0, 16], "texture": "#1"}
			}
		},
		{
			"name": "LLeg_East",
			"from": [8.6, -0.5, 5.5],
			"to": [8.6, 12.5, 10.5],
			"rotation": {"angle": 0, "axis": "y", "origin": [8, 0, 8]},
			"faces": {
				"east": {"uv": [3, 10, 2, 16], "texture": "#1"},
				"west": {"uv": [2, 10, 3, 16], "texture": "#1"}
			}
		},
		{
			"name": "LLeg_Bottom",
			"from": [3.6, -0.5, 5.5],
			"to": [8.6, -0.5, 10.5],
			"rotation": {"angle": 0, "axis": "y", "origin": [8, 0, 8]},
			"faces": {
				"up": {"uv": [2, 10, 3, 8], "texture": "#1"},
				"down": {"uv": [2, 8, 3, 10], "texture": "#1"}
			}
		},
		{
			"name": "LLeg_Top",
			"from": [3.6, 12.5, 5.5],
			"to": [8.6, 12.5, 10.5],
			"rotation": {"angle": 0, "axis": "y", "origin": [8, 0, 8]},
			"faces": {
				"up": {"uv": [1, 10, 2, 8], "texture": "#1"},
				"down": {"uv": [1, 8, 2, 10], "texture": "#1"}
			}
		},
		{
			"name": "LLeg_South",
			"from": [3.6, -0.5, 10.5],
			"to": [8.6, 12.5, 10.5],
			"rotation": {"angle": 0, "axis": "y", "origin": [8, 0, 8]},
			"faces": {
				"north": {"uv": [3, 10, 4, 16], "texture": "#1"},
				"south": {"uv": [4, 10, 3, 16], "texture": "#1"}
			}
		},
		{
			"name": "LLeg_North",
			"from": [3.6, -0.5, 5.5],
			"to": [8.6, 12.5, 5.5],
			"rotation": {"angle": 0, "axis": "y", "origin": [8, 0, 8]},
			"faces": {
				"north": {"uv": [2, 10, 1, 16], "texture": "#1"},
				"south": {"uv": [1, 10, 2, 16], "texture": "#1"}
			}
		},
		{
			"name": "Belt_Top",
			"from": [3.49, 24.49, 5.49],
			"to": [12.51, 24.51, 10.51],
			"rotation": {"angle": 0, "axis": "y", "origin": [8, 0, 8]},
			"faces": {
				"north": {"uv": [0, 0, 0, 0], "texture": "#0"},
				"east": {"uv": [0, 0, 0, 0], "texture": "#0"},
				"south": {"uv": [0, 0, 0, 0], "texture": "#0"},
				"west": {"uv": [0, 0, 0, 0], "texture": "#0"},
				"up": {"uv": [7, 10, 5, 8], "texture": "#0"},
				"down": {"uv": [7, 8, 5, 10], "texture": "#0"}
			}
		},
		{
			"name": "Belt_Bottom",
			"from": [3.49, 11.49, 5.49],
			"to": [12.51, 11.51, 10.51],
			"rotation": {"angle": 0, "axis": "y", "origin": [8, 0, 8]},
			"faces": {
				"north": {"uv": [0, 0, 0, 0], "texture": "#0"},
				"east": {"uv": [0, 0, 0, 0], "texture": "#0"},
				"south": {"uv": [0, 0, 0, 0], "texture": "#0"},
				"west": {"uv": [0, 0, 0, 0], "texture": "#0"},
				"up": {"uv": [9, 10, 7, 8], "texture": "#0"},
				"down": {"uv": [9, 8, 7, 10], "texture": "#0"}
			}
		},
		{
			"name": "Belt_West",
			"from": [3.49, 11.49, 5.49],
			"to": [3.51, 24.51, 10.51],
			"rotation": {"angle": 0, "axis": "y", "origin": [8, 0, 8]},
			"faces": {
				"north": {"uv": [0, 0, 0, 0], "texture": "#0"},
				"east": {"uv": [8, 10, 7, 16], "texture": "#0"},
				"south": {"uv": [0, 0, 0, 0], "texture": "#0"},
				"west": {"uv": [7, 10, 8, 16], "texture": "#0"},
				"up": {"uv": [0, 0, 0, 0], "texture": "#0"},
				"down": {"uv": [0, 0, 0, 0], "texture": "#0"}
			}
		},
		{
			"name": "Belt_East",
			"from": [12.49, 11.49, 5.49],
			"to": [12.51, 24.51, 10.51],
			"rotation": {"angle": 0, "axis": "y", "origin": [8, 0, 8]},
			"faces": {
				"north": {"uv": [0, 0, 0, 0], "texture": "#0"},
				"east": {"uv": [4, 10, 5, 16], "texture": "#0"},
				"south": {"uv": [0, 0, 0, 0], "texture": "#0"},
				"west": {"uv": [5, 10, 4, 16], "texture": "#0"},
				"up": {"uv": [0, 0, 0, 0], "texture": "#0"},
				"down": {"uv": [0, 0, 0, 0], "texture": "#0"}
			}
		},
		{
			"name": "Belt_North",
			"from": [3.49, 11.49, 5.49],
			"to": [12.51, 24.51, 5.51],
			"rotation": {"angle": 0, "axis": "y", "origin": [8, 0, 8]},
			"faces": {
				"north": {"uv": [5, 10, 7, 16], "texture": "#0"},
				"east": {"uv": [0, 0, 0, 0], "texture": "#0"},
				"south": {"uv": [7, 10, 5, 16], "texture": "#0"},
				"west": {"uv": [0, 0, 0, 0], "texture": "#0"},
				"up": {"uv": [0, 0, 0, 0], "texture": "#0"},
				"down": {"uv": [0, 0, 0, 0], "texture": "#0"}
			}
		},
		{
			"name": "Belt_South",
			"from": [3.49, 11.49, 10.49],
			"to": [12.51, 24.51, 10.51],
			"rotation": {"angle": 0, "axis": "y", "origin": [8, 0, 8]},
			"faces": {
				"north": {"uv": [10, 10, 8, 16], "texture": "#0"},
				"east": {"uv": [0, 0, 0, 0], "texture": "#0"},
				"south": {"uv": [8, 10, 10, 16], "texture": "#0"},
				"west": {"uv": [0, 0, 0, 0], "texture": "#0"},
				"up": {"uv": [0, 0, 0, 0], "texture": "#0"},
				"down": {"uv": [0, 0, 0, 0], "texture": "#0"}
			}
		},
		{
			"name": "RLeg_East",
			"from": [12.4, -0.5, 5.5],
			"to": [12.4, 12.5, 10.5],
			"rotation": {"angle": 0, "axis": "y", "origin": [8, 0, 8]},
			"faces": {
				"north": {"uv": [0, 0, 0, 0], "texture": "#0"},
				"east": {"uv": [0, 10, 1, 16], "texture": "#0"},
				"south": {"uv": [0, 0, 0, 0], "texture": "#0"},
				"west": {"uv": [1, 10, 0, 16], "texture": "#0"},
				"up": {"uv": [0, 0, 0, 0], "texture": "#0"},
				"down": {"uv": [0, 0, 0, 0], "texture": "#0"}
			}
		},
		{
			"name": "RLeg_West",
			"from": [7.4, -0.5, 5.5],
			"to": [7.4, 12.5, 10.5],
			"rotation": {"angle": 0, "axis": "y", "origin": [8, 0, 8]},
			"faces": {
				"north": {"uv": [0, 0, 0, 0], "texture": "#0"},
				"east": {"uv": [3, 10, 2, 16], "texture": "#0"},
				"south": {"uv": [0, 0, 0, 0], "texture": "#0"},
				"west": {"uv": [2, 10, 3, 16], "texture": "#0"},
				"up": {"uv": [0, 0, 0, 0], "texture": "#0"},
				"down": {"uv": [0, 0, 0, 0], "texture": "#0"}
			}
		},
		{
			"name": "RLeg_South",
			"from": [7.4, -0.5, 10.5],
			"to": [12.4, 12.5, 10.5],
			"rotation": {"angle": 0, "axis": "y", "origin": [8, 0, 8]},
			"faces": {
				"north": {"uv": [4, 10, 3, 16], "texture": "#0"},
				"east": {"uv": [0, 0, 0, 0], "texture": "#0"},
				"south": {"uv": [3, 10, 4, 16], "texture": "#0"},
				"west": {"uv": [0, 0, 0, 0], "texture": "#0"},
				"up": {"uv": [0, 0, 0, 0], "texture": "#0"},
				"down": {"uv": [0, 0, 0, 0], "texture": "#0"}
			}
		},
		{
			"name": "RLeg_North",
			"from": [7.4, -0.5, 5.5],
			"to": [12.4, 12.5, 5.5],
			"rotation": {"angle": 0, "axis": "y", "origin": [8, 0, 8]},
			"faces": {
				"north": {"uv": [1, 10, 2, 16], "texture": "#0"},
				"east": {"uv": [0, 0, 0, 0], "texture": "#0"},
				"south": {"uv": [2, 10, 1, 16], "texture": "#0"},
				"west": {"uv": [0, 0, 0, 0], "texture": "#0"},
				"up": {"uv": [0, 0, 0, 0], "texture": "#0"},
				"down": {"uv": [0, 0, 0, 0], "texture": "#0"}
			}
		},
		{
			"name": "RLeg_Top",
			"from": [7.4, 12.5, 5.5],
			"to": [12.4, 12.5, 10.5],
			"rotation": {"angle": 0, "axis": "y", "origin": [8, 0, 8]},
			"faces": {
				"north": {"uv": [0, 0, 0, 0], "texture": "#0"},
				"east": {"uv": [0, 0, 0, 0], "texture": "#0"},
				"south": {"uv": [0, 0, 0, 0], "texture": "#0"},
				"west": {"uv": [0, 0, 0, 0], "texture": "#0"},
				"up": {"uv": [2, 10, 1, 8], "texture": "#0"},
				"down": {"uv": [2, 8, 1, 10], "texture": "#0"}
			}
		},
		{
			"name": "RLeg_Bottom",
			"from": [7.4, -0.5, 5.5],
			"to": [12.4, -0.5, 10.5],
			"rotation": {"angle": 0, "axis": "y", "origin": [8, 0, 8]},
			"faces": {
				"north": {"uv": [0, 0, 0, 0], "texture": "#0"},
				"east": {"uv": [0, 0, 0, 0], "texture": "#0"},
				"south": {"uv": [0, 0, 0, 0], "texture": "#0"},
				"west": {"uv": [0, 0, 0, 0], "texture": "#0"},
				"up": {"uv": [3, 10, 2, 8], "texture": "#0"},
				"down": {"uv": [3, 8, 2, 10], "texture": "#0"}
			}
		},
		{
			"name": "LLeg_West",
			"from": [3.6, -0.5, 5.5],
			"to": [3.6, 12.5, 10.5],
			"rotation": {"angle": 0, "axis": "y", "origin": [8, 0, 8]},
			"faces": {
				"north": {"uv": [0, 0, 0, 0], "texture": "#0"},
				"east": {"uv": [0, 10, 1, 16], "texture": "#0"},
				"south": {"uv": [0, 0, 0, 0], "texture": "#0"},
				"west": {"uv": [1, 10, 0, 16], "texture": "#0"},
				"up": {"uv": [0, 0, 0, 0], "texture": "#0"},
				"down": {"uv": [0, 0, 0, 0], "texture": "#0"}
			}
		},
		{
			"name": "LLeg_East",
			"from": [8.6, -0.5, 5.5],
			"to": [8.6, 12.5, 10.5],
			"rotation": {"angle": 0, "axis": "y", "origin": [8, 0, 8]},
			"faces": {
				"north": {"uv": [0, 0, 0, 0], "texture": "#0"},
				"east": {"uv": [3, 10, 2, 16], "texture": "#0"},
				"south": {"uv": [0, 0, 0, 0], "texture": "#0"},
				"west": {"uv": [2, 10, 3, 16], "texture": "#0"},
				"up": {"uv": [0, 0, 0, 0], "texture": "#0"},
				"down": {"uv": [0, 0, 0, 0], "texture": "#0"}
			}
		},
		{
			"name": "LLeg_Bottom",
			"from": [3.6, -0.5, 5.5],
			"to": [8.6, -0.5, 10.5],
			"rotation": {"angle": 0, "axis": "y", "origin": [8, 0, 8]},
			"faces": {
				"north": {"uv": [0, 0, 0, 0], "texture": "#0"},
				"east": {"uv": [0, 0, 0, 0], "texture": "#0"},
				"south": {"uv": [0, 0, 0, 0], "texture": "#0"},
				"west": {"uv": [0, 0, 0, 0], "texture": "#0"},
				"up": {"uv": [2, 10, 3, 8], "texture": "#0"},
				"down": {"uv": [2, 8, 3, 10], "texture": "#0"}
			}
		},
		{
			"name": "LLeg_Top",
			"from": [3.6, 12.5, 5.5],
			"to": [8.6, 12.5, 10.5],
			"rotation": {"angle": 0, "axis": "y", "origin": [8, 0, 8]},
			"faces": {
				"north": {"uv": [0, 0, 0, 0], "texture": "#0"},
				"east": {"uv": [0, 0, 0, 0], "texture": "#0"},
				"south": {"uv": [0, 0, 0, 0], "texture": "#0"},
				"west": {"uv": [0, 0, 0, 0], "texture": "#0"},
				"up": {"uv": [1, 10, 2, 8], "texture": "#0"},
				"down": {"uv": [1, 8, 2, 10], "texture": "#0"}
			}
		},
		{
			"name": "LLeg_South",
			"from": [3.6, -0.5, 10.5],
			"to": [8.6, 12.5, 10.5],
			"rotation": {"angle": 0, "axis": "y", "origin": [8, 0, 8]},
			"faces": {
				"north": {"uv": [3, 10, 4, 16], "texture": "#0"},
				"east": {"uv": [0, 0, 0, 0], "texture": "#0"},
				"south": {"uv": [4, 10, 3, 16], "texture": "#0"},
				"west": {"uv": [0, 0, 0, 0], "texture": "#0"},
				"up": {"uv": [0, 0, 0, 0], "texture": "#0"},
				"down": {"uv": [0, 0, 0, 0], "texture": "#0"}
			}
		},
		{
			"name": "LLeg_North",
			"from": [3.6, -0.5, 5.5],
			"to": [8.6, 12.5, 5.5],
			"rotation": {"angle": 0, "axis": "y", "origin": [8, 0, 8]},
			"faces": {
				"north": {"uv": [2, 10, 1, 16], "texture": "#0"},
				"east": {"uv": [0, 0, 0, 0], "texture": "#0"},
				"south": {"uv": [1, 10, 2, 16], "texture": "#0"},
				"west": {"uv": [0, 0, 0, 0], "texture": "#0"},
				"up": {"uv": [0, 0, 0, 0], "texture": "#0"},
				"down": {"uv": [0, 0, 0, 0], "texture": "#0"}
			}
		}
	],
	"gui_light": "front",
	"display": {
		"thirdperson_righthand": {
			"rotation": [75, 45, 0],
			"translation": [0, 2.5, 0],
			"scale": [0.375, 0.375, 0.375]
		},
		"thirdperson_lefthand": {
			"rotation": [75, 45, 0],
			"translation": [0, 2.5, 0],
			"scale": [0.375, 0.375, 0.375]
		},
		"firstperson_righthand": {
			"rotation": [0, 45, 0],
			"scale": [0.4, 0.4, 0.4]
		},
		"firstperson_lefthand": {
			"rotation": [0, 225, 0],
			"scale": [0.4, 0.4, 0.4]
		},
		"ground": {
			"translation": [0, 3, 0],
			"scale": [0.25, 0.25, 0.25]
		},
		"gui": {
			"rotation": [30, 225, 0],
			"scale": [0.625, 0.625, 0.625]
		},
		"fixed": {
			"scale": [0.5, 0.5, 0.5]
		}
	},
	"groups": [
		{
			"name": "leggings",
			"origin": [8, 8, 8],
			"color": 0,
			"nbt": "{}",
			"children": [
				{
					"name": "Body",
					"origin": [8, 24, 8],
					"color": 0,
					"nbt": "{}",
					"children": [0, 1, 2, 3, 4, 5]
				},
				{
					"name": "RightLeg",
					"origin": [9.9, 12, 8],
					"color": 0,
					"nbt": "{}",
					"children": [6, 7, 8, 9, 10, 11]
				},
				{
					"name": "LeftLeg",
					"origin": [6.1, 12, 8],
					"color": 0,
					"nbt": "{}",
					"children": [12, 13, 14, 15, 16, 17]
				}
			]
		},
		{
			"name": "leggings_overlay",
			"origin": [8, 8, 8],
			"color": 0,
			"nbt": "{}",
			"children": [
				{
					"name": "Body",
					"origin": [8, 24, 8],
					"color": 0,
					"nbt": "{}",
					"children": [18, 19, 20, 21, 22, 23]
				},
				{
					"name": "RightLeg",
					"origin": [9.9, 12, 8],
					"color": 0,
					"nbt": "{}",
					"children": [24, 25, 26, 27, 28, 29]
				},
				{
					"name": "LeftLeg",
					"origin": [6.1, 12, 8],
					"color": 0,
					"nbt": "{}",
					"children": [30, 31, 32, 33, 34, 35]
				}
			]
		}
	]
}