{
  "materials": [
    {
      "item": {
        "tag": "forge:ingots/copper"
      },
      "count": 30
    },
    {
      "item": {
        "tag": "forge:ingots/iron"
      },
      "count": 6
    },
    {
      "item": {
        "tag": "forge:gunpowder"
      },
      "count": 12
    },
    {
      "item": {
        "tag": "forge:gems/lapis"
      },
      "count": 12
    }
  ],
  "result": {
    "type": "ammo",
    "id": "rebel:37aphe",
    "count": 4
  },
  "type": "tacz:gun_smith_table_crafting"
}