{
    // 材料
    "materials": [
        {
          "item": {
            "tag": "forge:gems/diamond"
          },
          "count": 20
        },
        {
          "item": {
            "tag": "forge:ingots/gold"
          },
          "count": 60
        },
        {
          "item": {
            "tag": "forge:ingots/netherite"
          },
          "count": 3
        },
        {
          "item": {
            "tag": "forge:ingots/iron"
          },
          "count": 320
        },
        {
          "item": {
            "tag": "forge:rods/blaze"
          },
          "count": 5
        }
      ],
    // 输出结果
    "result": {
      // 类型，枪械的类型固定为 gun
      "type": "gun",
      // 输出的枪械的 id
      "id": "xiaomantou:ax50"
    }
  }