{
    // 材料
    "materials": [
        {
          "item": {
            "tag": "forge:gems/diamond"
          },
          "count": 10
        },
        {
          "item": {
            "tag": "forge:ingots/gold"
          },
          "count": 32
        },
        {
          "item": {
            "tag": "forge:ingots/iron"
          },
          "count": 200
        },
        {
          "item": {
            "tag": "forge:rods/blaze"
          },
          "count": 5
        },
        {
            "item": {
              "tag": "forge:dusts/redstone"
            },
            "count": 20
          }
      ],
    // 输出结果
    "result": {
      // 类型，枪械的类型固定为 gun
      "type": "gun",
      // 输出的枪械的 id
      "id": "xiaomantou:xm556"
    }
  }