{
    // 使用我们放入的模型文件：models/gun/xxx_geo.json。注意，不需要包含文件后缀，也不要包含开头的 "models/"。
    "model": "xiaomantou:gun/xm556_geo",
    // 使用我们放入的模型贴图：textures/gun/uv/xxx.png。注意，不需要包含文件后缀，也不要包含开头的 "textures/"。
    "texture": "xiaomantou:gun/uv/xm556",
    // 使用我们放入的背包 2D 贴图：textures/gun/slot/xxx.png。注意，不需要包含文件后缀，也不要包含开头的 "textures/"。
    "slot": "xiaomantou:gun/slot/xm556",
    "hud": "xiaomantou:gun/hud/xm556_hud",
    "muzzle_flash": {
      // 枪口火焰贴图路径
      "texture": "tacz:flash/common_muzzle_flash",
      // 缩放系数
      "scale": 1
    },
    "shell": {
    "initial_velocity": [5, 2, 1],
    "random_velocity": [1, 1, 0.25],
    "acceleration": [0.0, -10, 0.0],
    "angular_velocity": [360, -1200, 90],
    "living_time": 1.0
  },
      // 调用的动画名，会在包目录下的 animations 文件夹中寻找，不建议为空
  "animation": "xiaomantou:xm556",
  // 指定使用缺省动画，可为空。如果上文指定的动画文件里缺少某个动画，如 draw 动画，则会从缺省动画拷贝。
  // 值可为 rifle、pistol
  "use_default_animation": "rifle",
    "transform": {
        "scale": {
            // 第三人称手部
            "thirdperson": [
                0.6,
                0.6,
                0.6
            ],
            // 掉落物
            "ground": [
                0.6,
                0.6,
                0.6
            ],
            // 展示框
            "fixed": [
                1.0,
                1.0,
                1.0
            ]
        }
    },
    // 第三人称持枪动画，直接填入default
    "third_person_animation": "default",
    "sounds": {
        "shoot": "xiaomantou:xm556/xm556_shoot",
        "shoot_3p": "xiaomantou:xm556/xm556_shoot_3p",
        "inspect": "xiaomantou:xm556/xm556_inspect",
        "inspect_empty": "xiaomantou:xm556/xm556_inspect_empty",
        "reload_empty": "xiaomantou:xm556/xm556_reload_empty",
        "reload_tactical": "xiaomantou:xm556/xm556_reload_tactical",
        "draw": "xiaomantou:xm556/xm556_draw",
        "put_away": "xiaomantou:xm556/xm556_put_away"
    }
    
}