{
  "materials": [
    {
      "item": {
        "tag": "forge:gems/diamond"
      },
      "count": 10
    },
    {
      "item": {
        "tag": "forge:ingots/gold"
      },
      "count": 32
    },
    {
      "item": {
        "tag": "forge:ingots/iron"
      },
      "count": 200
    },
    {
      "item": {
        "tag": "forge:rods/blaze"
      },
      "count": 5
    },
    {
      "item": {
        "tag": "forge:dusts/redstone"
      },
      "count": 20
    }
  ],
  "result": {
    "type": "gun",
    "id": "xiaomantou:xm556"
  },
  "type": "tacz:gun_smith_table_crafting"
}