{
  "model": "rebel:gun/sqg01_geo",
  "texture": "rebel:gun/uv/sqg01",
  "hud": "rebel:gun/hud/sqg01",
  "slot": "rebel:gun/slot/sqg01",
  "animation": "rebel:sqg01",
  "use_default_animation": "rifle",
  "player_animator_3rd": "tacz:rifle_default.player_animation",
  "transform": {
    "scale": {
      "thirdperson": [0.6, 0.6, 0.6],
      "ground": [0.6, 0.6, 0.6],
      "fixed": [1.5, 1.5, 1.5]
    }
  },
        
  "muzzle_flash": {
    "texture": "tacz:flash/common_muzzle_flash",
    "scale": 0
  },
  "sounds": {
    "reload_empty": "rebel:sqg01/sqg01_reload_empty",
    "reload_tactical": "rebel:sqg01/sqg01_reload_tactical",
    "inspect": "rebel:sqg01/sqg01_inspect",
    "put_away": "rebel:sqg01/sqg01_put_away",
    "inspect_empty": "rebel:sqg01/sqg01_inspect_empty",
    "draw": "rebel:sqg01/sqg01_draw",
    "dry_fire": "rebel:dry_fire",
    "flesh_hit": "rebel:flesh_hit",
    "head_hit": "rebel:head_hit",
    "kill": "rebel:kill",
    "shoot": "rebel:sqg01/sqg01_shoot",
    "shoot_3p": "rebel:sqg01/sqg01_shoot_3p"
  },
  "offhand_show": {
    "pos": [4, 13, -2],
    "rotate": [-90, -35, 90],
    "scale": [0.5, 0.5, 0.5]
  },
  "hotbar_show": {
    "0": {
      "pos": [-5, 13, -2],
      "rotate": [-90, -35, 90],
      "scale": [0.5, 0.5, 0.5]
    }
  }
}