{
	"format_version": "1.12.0",
	"minecraft:geometry": [
		{
			"description": {
				"identifier": "geometry.unknown",
				"texture_width": 64,
				"texture_height": 64,
				"visible_bounds_width": 8,
				"visible_bounds_height": 3,
				"visible_bounds_offset": [0, 0.5, 0]
			},
			"bones": [
				{
					"name": "xiaoyinqi",
					"pivot": [0, 0, 0]
				},
				{
					"name": "hexadecagon4",
					"parent": "xiaoyinqi",
					"pivot": [0, 0, -13.5],
					"cubes": [
						{
							"origin": [-0.39782, -2, -26.75],
							"size": [0.79565, 1.50625, 26.5],
							"pivot": [0, 0, -17],
							"rotation": [0, 0, -45],
							"uv": {
								"north": {"uv": [14, 27], "uv_size": [1, 1.5]},
								"south": {"uv": [15, 27], "uv_size": [1, 1.5]},
								"up": {"uv": [20, 12], "uv_size": [1, 26.5]}
							}
						},
						{
							"origin": [-0.39782, -2, -26.75],
							"size": [0.79565, 1.50625, 26.5],
							"pivot": [0, 0, -17],
							"rotation": [0, 0, -22.5],
							"uv": {
								"north": {"uv": [16, 27], "uv_size": [1, 1.5]},
								"south": {"uv": [17, 27], "uv_size": [1, 1.5]},
								"up": {"uv": [21, 12], "uv_size": [1, 26.5]}
							}
						},
						{
							"origin": [-0.39782, -2, -26.75],
							"size": [0.79565, 1.50625, 26.5],
							"uv": {
								"north": {"uv": [18, 27], "uv_size": [1, 1.5]},
								"south": {"uv": [19, 27], "uv_size": [1, 1.5]},
								"up": {"uv": [22, 12], "uv_size": [1, 26.5]}
							}
						},
						{
							"origin": [-0.39782, -2, -26.75],
							"size": [0.79565, 1.50625, 26.5],
							"pivot": [0, 0, -17],
							"rotation": [0, 0, 22.5],
							"uv": {
								"north": {"uv": [27, 21], "uv_size": [1, 1.5]},
								"south": {"uv": [27, 23], "uv_size": [1, 1.5]},
								"up": {"uv": [23, 12], "uv_size": [1, 26.5]}
							}
						},
						{
							"origin": [-0.39782, -2, -26.75],
							"size": [0.79565, 1.50625, 26.5],
							"pivot": [0, 0, -17],
							"rotation": [0, 0, 45],
							"uv": {
								"north": {"uv": [27, 25], "uv_size": [1, 1.5]},
								"south": {"uv": [27, 27], "uv_size": [1, 1.5]},
								"up": {"uv": [24, 12], "uv_size": [1, 26.5]}
							}
						},
						{
							"origin": [-0.39782, 0.49375, -26.75],
							"size": [0.79565, 1.50625, 26.5],
							"pivot": [0, 0, -17],
							"rotation": [0, 0, -45],
							"uv": {
								"north": {"uv": [4, 28], "uv_size": [1, 1.5]},
								"south": {"uv": [5, 28], "uv_size": [1, 1.5]},
								"down": {"uv": [25, 38.5], "uv_size": [1, -26.5]}
							}
						},
						{
							"origin": [-0.39782, 0.49375, -26.75],
							"size": [0.79565, 1.50625, 26.5],
							"pivot": [0, 0, -17],
							"rotation": [0, 0, -22.5],
							"uv": {
								"north": {"uv": [6, 28], "uv_size": [1, 1.5]},
								"south": {"uv": [7, 28], "uv_size": [1, 1.5]},
								"down": {"uv": [26, 38.5], "uv_size": [1, -26.5]}
							}
						},
						{
							"origin": [-0.39782, 0.49375, -26.75],
							"size": [0.79565, 1.50625, 26.5],
							"uv": {
								"north": {"uv": [8, 28], "uv_size": [1, 1.5]},
								"south": {"uv": [9, 28], "uv_size": [1, 1.5]},
								"down": {"uv": [0, 53.5], "uv_size": [1, -26.5]}
							}
						},
						{
							"origin": [-0.39782, 0.49375, -26.75],
							"size": [0.79565, 1.50625, 26.5],
							"pivot": [0, 0, -17],
							"rotation": [0, 0, 22.5],
							"uv": {
								"north": {"uv": [10, 28], "uv_size": [1, 1.5]},
								"south": {"uv": [11, 28], "uv_size": [1, 1.5]},
								"down": {"uv": [1, 53.5], "uv_size": [1, -26.5]}
							}
						},
						{
							"origin": [-0.39782, 0.49375, -26.75],
							"size": [0.79565, 1.50625, 26.5],
							"pivot": [0, 0, -17],
							"rotation": [0, 0, 45],
							"uv": {
								"north": {"uv": [12, 28], "uv_size": [1, 1.5]},
								"south": {"uv": [28, 21], "uv_size": [1, 1.5]},
								"down": {"uv": [2, 53.5], "uv_size": [1, -26.5]}
							}
						},
						{
							"origin": [0.49375, -0.39782, -26.75],
							"size": [1.50625, 0.79565, 26.5],
							"pivot": [0, 0, -17],
							"rotation": [0, 0, -22.5],
							"uv": {
								"north": {"uv": [28, 23], "uv_size": [1.5, 1]},
								"east": {"uv": [27, 12], "uv_size": [26.5, 1]},
								"south": {"uv": [28, 24], "uv_size": [1.5, 1]}
							}
						},
						{
							"origin": [0.49375, -0.39782, -26.75],
							"size": [1.50625, 0.79565, 26.5],
							"uv": {
								"north": {"uv": [28, 25], "uv_size": [1.5, 1]},
								"east": {"uv": [27, 13], "uv_size": [26.5, 1]},
								"south": {"uv": [28, 26], "uv_size": [1.5, 1]}
							}
						},
						{
							"origin": [0.49375, -0.39782, -26.75],
							"size": [1.50625, 0.79565, 26.5],
							"pivot": [0, 0, -17],
							"rotation": [0, 0, 22.5],
							"uv": {
								"north": {"uv": [28, 27], "uv_size": [1.5, 1]},
								"east": {"uv": [27, 14], "uv_size": [26.5, 1]},
								"south": {"uv": [28, 28], "uv_size": [1.5, 1]}
							}
						},
						{
							"origin": [-2, -0.39782, -26.75],
							"size": [1.50625, 0.79565, 26.5],
							"pivot": [0, 0, -17],
							"rotation": [0, 0, -22.5],
							"uv": {
								"north": {"uv": [14, 29], "uv_size": [1.5, 1]},
								"south": {"uv": [16, 29], "uv_size": [1.5, 1]},
								"west": {"uv": [27, 15], "uv_size": [26.5, 1]}
							}
						},
						{
							"origin": [-2, -0.39782, -26.75],
							"size": [1.50625, 0.79565, 26.5],
							"uv": {
								"north": {"uv": [18, 29], "uv_size": [1.5, 1]},
								"south": {"uv": [29, 21], "uv_size": [1.5, 1]},
								"west": {"uv": [27, 16], "uv_size": [26.5, 1]}
							}
						},
						{
							"origin": [-2, -0.39782, -26.75],
							"size": [1.50625, 0.79565, 26.5],
							"pivot": [0, 0, -17],
							"rotation": [0, 0, 22.5],
							"uv": {
								"north": {"uv": [29, 22], "uv_size": [1.5, 1]},
								"south": {"uv": [27, 29], "uv_size": [1.5, 1]},
								"west": {"uv": [27, 17], "uv_size": [26.5, 1]}
							}
						}
					]
				},
				{
					"name": "hexadecagon3",
					"parent": "xiaoyinqi",
					"pivot": [0, 0, -13.5],
					"cubes": [
						{
							"origin": [-0.41772, -2.1, -27],
							"size": [0.83543, 0.2, 27],
							"pivot": [0, 0, -17],
							"rotation": [0, 0, -45],
							"uv": {
								"north": {"uv": [7, 30], "uv_size": [1, 0.5]},
								"south": {"uv": [8, 30], "uv_size": [1, 0.5]},
								"up": {"uv": [0, 0], "uv_size": [1, 27]},
								"down": {"uv": [1, 27], "uv_size": [1, -27]}
							}
						},
						{
							"origin": [-0.41772, -2.1, -27],
							"size": [0.83543, 0.2, 27],
							"pivot": [0, 0, -17],
							"rotation": [0, 0, -22.5],
							"uv": {
								"north": {"uv": [9, 30], "uv_size": [1, 0.5]},
								"south": {"uv": [10, 30], "uv_size": [1, 0.5]},
								"up": {"uv": [2, 0], "uv_size": [1, 27]},
								"down": {"uv": [3, 27], "uv_size": [1, -27]}
							}
						},
						{
							"origin": [-0.41772, -2.1, -27],
							"size": [0.83543, 0.2, 27],
							"uv": {
								"north": {"uv": [11, 30], "uv_size": [1, 0.5]},
								"south": {"uv": [12, 30], "uv_size": [1, 0.5]},
								"up": {"uv": [4, 0], "uv_size": [1, 27]},
								"down": {"uv": [5, 27], "uv_size": [1, -27]}
							}
						},
						{
							"origin": [-0.41772, -2.1, -27],
							"size": [0.83543, 0.2, 27],
							"pivot": [0, 0, -17],
							"rotation": [0, 0, 22.5],
							"uv": {
								"north": {"uv": [14, 30], "uv_size": [1, 0.5]},
								"south": {"uv": [15, 30], "uv_size": [1, 0.5]},
								"up": {"uv": [6, 0], "uv_size": [1, 27]},
								"down": {"uv": [7, 27], "uv_size": [1, -27]}
							}
						},
						{
							"origin": [-0.41772, -2.1, -27],
							"size": [0.83543, 0.2, 27],
							"pivot": [0, 0, -17],
							"rotation": [0, 0, 45],
							"uv": {
								"north": {"uv": [16, 30], "uv_size": [1, 0.5]},
								"south": {"uv": [17, 30], "uv_size": [1, 0.5]},
								"up": {"uv": [8, 0], "uv_size": [1, 27]},
								"down": {"uv": [9, 27], "uv_size": [1, -27]}
							}
						},
						{
							"origin": [-0.41772, 1.9, -27],
							"size": [0.83543, 0.2, 27],
							"pivot": [0, 0, -17],
							"rotation": [0, 0, -45],
							"uv": {
								"north": {"uv": [18, 30], "uv_size": [1, 0.5]},
								"south": {"uv": [19, 30], "uv_size": [1, 0.5]},
								"up": {"uv": [10, 0], "uv_size": [1, 27]},
								"down": {"uv": [11, 27], "uv_size": [1, -27]}
							}
						},
						{
							"origin": [-0.41772, 1.9, -27],
							"size": [0.83543, 0.2, 27],
							"pivot": [0, 0, -17],
							"rotation": [0, 0, -22.5],
							"uv": {
								"north": {"uv": [30, 23], "uv_size": [1, 0.5]},
								"south": {"uv": [30, 24], "uv_size": [1, 0.5]},
								"up": {"uv": [12, 0], "uv_size": [1, 27]},
								"down": {"uv": [13, 27], "uv_size": [1, -27]}
							}
						},
						{
							"origin": [-0.41772, 1.9, -27],
							"size": [0.83543, 0.2, 27],
							"uv": {
								"north": {"uv": [30, 25], "uv_size": [1, 0.5]},
								"south": {"uv": [30, 26], "uv_size": [1, 0.5]},
								"up": {"uv": [14, 0], "uv_size": [1, 27]},
								"down": {"uv": [15, 27], "uv_size": [1, -27]}
							}
						},
						{
							"origin": [-0.41772, 1.9, -27],
							"size": [0.83543, 0.2, 27],
							"pivot": [0, 0, -17],
							"rotation": [0, 0, 22.5],
							"uv": {
								"north": {"uv": [27, 30], "uv_size": [1, 0.5]},
								"south": {"uv": [30, 27], "uv_size": [1, 0.5]},
								"up": {"uv": [16, 0], "uv_size": [1, 27]},
								"down": {"uv": [17, 27], "uv_size": [1, -27]}
							}
						},
						{
							"origin": [-0.41772, 1.9, -27],
							"size": [0.83543, 0.2, 27],
							"pivot": [0, 0, -17],
							"rotation": [0, 0, 45],
							"uv": {
								"north": {"uv": [28, 30], "uv_size": [1, 0.5]},
								"south": {"uv": [30, 28], "uv_size": [1, 0.5]},
								"up": {"uv": [18, 0], "uv_size": [1, 27]},
								"down": {"uv": [19, 27], "uv_size": [1, -27]}
							}
						},
						{
							"origin": [1.9, -0.41772, -27],
							"size": [0.2, 0.83543, 27],
							"pivot": [0, 0, -17],
							"rotation": [0, 0, -22.5],
							"uv": {
								"north": {"uv": [29, 30], "uv_size": [0.5, 1]},
								"east": {"uv": [20, 0], "uv_size": [27, 1]},
								"south": {"uv": [30, 30], "uv_size": [0.5, 1]},
								"west": {"uv": [20, 1], "uv_size": [27, 1]}
							}
						},
						{
							"origin": [1.9, -0.41772, -27],
							"size": [0.2, 0.83543, 27],
							"uv": {
								"north": {"uv": [4, 31], "uv_size": [0.5, 1]},
								"east": {"uv": [20, 2], "uv_size": [27, 1]},
								"south": {"uv": [5, 31], "uv_size": [0.5, 1]},
								"west": {"uv": [20, 3], "uv_size": [27, 1]}
							}
						},
						{
							"origin": [1.9, -0.41772, -27],
							"size": [0.2, 0.83543, 27],
							"pivot": [0, 0, -17],
							"rotation": [0, 0, 22.5],
							"uv": {
								"north": {"uv": [7, 31], "uv_size": [0.5, 1]},
								"east": {"uv": [20, 4], "uv_size": [27, 1]},
								"south": {"uv": [8, 31], "uv_size": [0.5, 1]},
								"west": {"uv": [20, 5], "uv_size": [27, 1]}
							}
						},
						{
							"origin": [-2.1, -0.41772, -27],
							"size": [0.2, 0.83543, 27],
							"pivot": [0, 0, -17],
							"rotation": [0, 0, -22.5],
							"uv": {
								"north": {"uv": [9, 31], "uv_size": [0.5, 1]},
								"east": {"uv": [20, 6], "uv_size": [27, 1]},
								"south": {"uv": [10, 31], "uv_size": [0.5, 1]},
								"west": {"uv": [20, 7], "uv_size": [27, 1]}
							}
						},
						{
							"origin": [-2.1, -0.41772, -27],
							"size": [0.2, 0.83543, 27],
							"uv": {
								"north": {"uv": [11, 31], "uv_size": [0.5, 1]},
								"east": {"uv": [20, 8], "uv_size": [27, 1]},
								"south": {"uv": [12, 31], "uv_size": [0.5, 1]},
								"west": {"uv": [20, 9], "uv_size": [27, 1]}
							}
						},
						{
							"origin": [-2.1, -0.41772, -27],
							"size": [0.2, 0.83543, 27],
							"pivot": [0, 0, -17],
							"rotation": [0, 0, 22.5],
							"uv": {
								"north": {"uv": [14, 31], "uv_size": [0.5, 1]},
								"east": {"uv": [20, 10], "uv_size": [27, 1]},
								"south": {"uv": [15, 31], "uv_size": [0.5, 1]},
								"west": {"uv": [20, 11], "uv_size": [27, 1]}
							}
						},
						{
							"origin": [1.9001, -0.41799, -8.47521],
							"size": [0.2, 0.83543, 8.48438],
							"pivot": [2.09385, 0.4216, -8.47521],
							"rotation": [1.44891, 0.38819, -34.99509],
							"uv": {
								"east": {"uv": [4, 27], "uv_size": [8.5, 1]},
								"south": {"uv": [17, 31], "uv_size": [0.5, 1]},
								"west": {"uv": [27, 20], "uv_size": [8.5, 1]},
								"down": {"uv": [13, 35.5], "uv_size": [0.5, -8.5]}
							}
						},
						{
							"origin": [1.9, -0.41772, -27],
							"size": [0.2, 0.83543, 18.54688],
							"pivot": [2.09375, 0.42188, -17],
							"rotation": [0, 0, -35],
							"uv": {
								"north": {"uv": [16, 31], "uv_size": [0.5, 1]},
								"east": {"uv": [27, 18], "uv_size": [18.5, 1]},
								"west": {"uv": [27, 19], "uv_size": [18.5, 1]},
								"down": {"uv": [3, 45.5], "uv_size": [0.5, -18.5]}
							}
						},
						{
							"origin": [2.00938, -1.13647, -2.3125],
							"size": [0.05938, 0.83543, 1.375],
							"pivot": [2.07813, -0.29687, 3],
							"rotation": [0, 0, -17.5],
							"uv": {
								"north": {"uv": [18, 31], "uv_size": [0.5, 1]},
								"east": {"uv": [29, 29], "uv_size": [1.5, 1]},
								"south": {"uv": [19, 31], "uv_size": [0.5, 1]},
								"west": {"uv": [29.5, 44.5], "uv_size": [33.5, 18.5]},
								"down": {"uv": [6, 31.5], "uv_size": [0.5, -1.5]}
							}
						}
					]
				}
			]
		}
	]
}