{
    // 枪械的显示名称，支持使用语言文件定义。
    "name": "xiaomantou.gun.xm556.name",
    // 枪械效果文件，对应 guns/display/xxx_display.json，其中前缀"guns/display/"和后缀".json"不需要包含。
    "display": "xiaomantou:xm556_display",
    // 枪械参数文件，对应 guns/data/xxx_data.json，其中前缀"guns/data/"和后缀".json"不需要包含。
    "data": "xiaomantou:xm556_data",
    // 创造栏标签页类别，直接用默认枪包定义的 rifle (步枪0
    "type": "mg",
    // 枪械的物品类型，决定枪械的逻辑，如开火、装填等，默认是 modern_kinetic (现代动能枪械)
    "item_type": "modern_kinetic",
    // 排序数，决定了在创造模式标签页中的顺序
    // 数字越小，优先级越高
    "sort": 10
}