{
	"credit": "Made with Blockbench",
	"texture_size": [64, 64],
	"textures": {
		"1": "pillagers_gun:item/assault_rifle",
		"particle": "pillagers_gun:item/assault_rifle"
	},
	"elements": [
		{
			"name": "Barrels",
			"from": [7.74677, 4.40187, -16],
			"to": [8.25324, 4.90834, 0.7769],
			"rotation": {"angle": 45, "axis": "z", "origin": [8, 4.6551, 1.83379]},
			"faces": {
				"north": {"uv": [14.75, 6, 14.875, 6.125], "texture": "#1"},
				"east": {"uv": [8, 7.5, 12.25, 7.625], "texture": "#1"},
				"south": {"uv": [14.75, 6.5, 14.875, 6.625], "texture": "#1"},
				"west": {"uv": [8, 8, 12.25, 8.125], "texture": "#1"},
				"up": {"uv": [4.625, 12.25, 4.5, 8], "texture": "#1"},
				"down": {"uv": [2.125, 8.25, 2, 12.5], "texture": "#1"}
			}
		},
		{
			"name": "Barrels",
			"from": [7.64783, 5.61388, -11.94608],
			"to": [8.25324, 6.21929, -1.1478],
			"rotation": {"angle": 45, "axis": "z", "origin": [8, 5.96606, 1.83379]},
			"faces": {
				"north": {"uv": [14.75, 7, 14.875, 7.125], "texture": "#1"},
				"east": {"uv": [8.75, 2.75, 11.5, 2.875], "texture": "#1"},
				"south": {"uv": [14.75, 7.5, 14.875, 7.625], "texture": "#1"},
				"west": {"uv": [9.25, 5.5, 12, 5.625], "texture": "#1"},
				"up": {"uv": [3.375, 11.25, 3.25, 8.5], "texture": "#1"},
				"down": {"uv": [1.625, 9, 1.5, 11.75], "texture": "#1"}
			}
		},
		{
			"name": "Barrels",
			"from": [7.74721, 4.67395, -12.0482],
			"to": [8.25279, 6.14986, -10.96654],
			"rotation": {"angle": 42.5, "axis": "x", "origin": [8.25368, 5.89774, -12.24608]},
			"faces": {
				"north": {"uv": [13.75, 6.75, 13.875, 7.125], "texture": "#1"},
				"east": {"uv": [1.75, 12.75, 2, 13.125], "texture": "#1"},
				"south": {"uv": [13.75, 7.5, 13.875, 7.875], "texture": "#1"},
				"west": {"uv": [2.25, 12.75, 2.5, 13.125], "texture": "#1"},
				"up": {"uv": [7.875, 14.25, 7.75, 14], "texture": "#1"},
				"down": {"uv": [1.375, 14.25, 1.25, 14.5], "texture": "#1"}
			}
		},
		{
			"name": "Barrels",
			"from": [7.57336, 6.38067, -16],
			"to": [8.42665, 7.18396, -15.23989],
			"rotation": {"angle": 0, "axis": "y", "origin": [8, 0, 0]},
			"faces": {
				"north": {"uv": [0.75, 8.5, 1, 8.75], "texture": "#1"},
				"east": {"uv": [5.25, 13, 5.5, 13.25], "texture": "#1"},
				"south": {"uv": [6.5, 13, 6.75, 13.25], "texture": "#1"},
				"west": {"uv": [10, 13, 10.25, 13.25], "texture": "#1"},
				"up": {"uv": [13.25, 11.5, 13, 11.25], "texture": "#1"},
				"down": {"uv": [13.25, 11.75, 13, 12], "texture": "#1"}
			}
		},
		{
			"name": "Barrels",
			"from": [7.74479, 4.65901, -16],
			"to": [8.25522, 6.39389, -15.75201],
			"rotation": {"angle": 0, "axis": "y", "origin": [8, 0, 0]},
			"faces": {
				"north": {"uv": [8.25, 13.75, 8.375, 14.125], "texture": "#1"},
				"east": {"uv": [8.75, 13.75, 8.875, 14.125], "texture": "#1"},
				"south": {"uv": [10.25, 13.75, 10.375, 14.125], "texture": "#1"},
				"west": {"uv": [10.75, 13.75, 10.875, 14.125], "texture": "#1"},
				"up": {"uv": [14.875, 8.125, 14.75, 8], "texture": "#1"},
				"down": {"uv": [14.875, 8.5, 14.75, 8.625], "texture": "#1"}
			}
		},
		{
			"name": "Barrels",
			"from": [7.74677, 4.71046, -16],
			"to": [8.25324, 5.40204, -14.87351],
			"rotation": {"angle": 0, "axis": "y", "origin": [8, 0, 0]},
			"faces": {
				"north": {"uv": [14.75, 9, 14.875, 9.125], "texture": "#1"},
				"east": {"uv": [14.25, 6.25, 14.5, 6.375], "texture": "#1"},
				"south": {"uv": [14.75, 9.5, 14.875, 9.625], "texture": "#1"},
				"west": {"uv": [14.25, 6.75, 14.5, 6.875], "texture": "#1"},
				"up": {"uv": [14.375, 7.5, 14.25, 7.25], "texture": "#1"},
				"down": {"uv": [14.375, 7.75, 14.25, 8], "texture": "#1"}
			}
		},
		{
			"name": "Barrels",
			"from": [7.74677, 5.35867, -16],
			"to": [8.25324, 6.46528, -15.75265],
			"rotation": {"angle": -20, "axis": "x", "origin": [8.25324, 5.40814, -16.27371]},
			"faces": {
				"north": {"uv": [14.25, 8.25, 14.375, 8.5], "texture": "#1"},
				"east": {"uv": [14.25, 10, 14.375, 10.25], "texture": "#1"},
				"south": {"uv": [14.25, 11, 14.375, 11.25], "texture": "#1"},
				"west": {"uv": [11.25, 14.25, 11.375, 14.5], "texture": "#1"},
				"up": {"uv": [14.875, 10.125, 14.75, 10], "texture": "#1"},
				"down": {"uv": [14.875, 10.5, 14.75, 10.625], "texture": "#1"}
			}
		},
		{
			"name": "Barrels",
			"from": [7.94465, 6.38067, -16],
			"to": [8.05536, 6.7882, -15.8088],
			"rotation": {"angle": 0, "axis": "y", "origin": [8, 0, 0]},
			"faces": {
				"north": {"uv": [14.75, 11, 14.875, 11.125], "texture": "#1"},
				"east": {"uv": [11.25, 14.75, 11.375, 14.875], "texture": "#1"},
				"south": {"uv": [14.75, 11.5, 14.875, 11.625], "texture": "#1"},
				"west": {"uv": [11.75, 14.75, 11.875, 14.875], "texture": "#1"},
				"up": {"uv": [14.875, 12.125, 14.75, 12], "texture": "#1"},
				"down": {"uv": [12.375, 14.75, 12.25, 14.875], "texture": "#1"}
			}
		},
		{
			"name": "Barrels",
			"from": [7.74677, 4.69869, -12.44608],
			"to": [8.25324, 5.89774, -11.53438],
			"rotation": {"angle": 0, "axis": "y", "origin": [8, 0, 0]},
			"faces": {
				"north": {"uv": [14.25, 11.5, 14.375, 11.75], "texture": "#1"},
				"east": {"uv": [13, 12.25, 13.25, 12.5], "texture": "#1"},
				"south": {"uv": [11.75, 14.25, 11.875, 14.5], "texture": "#1"},
				"west": {"uv": [13.25, 1.5, 13.5, 1.75], "texture": "#1"},
				"up": {"uv": [14.375, 12.25, 14.25, 12], "texture": "#1"},
				"down": {"uv": [12.375, 14.25, 12.25, 14.5], "texture": "#1"}
			}
		},
		{
			"name": "Barrels",
			"from": [7.64783, 4.30293, -16],
			"to": [8.35218, 5.00728, -15.3641],
			"rotation": {"angle": -45, "axis": "z", "origin": [8, 4.6551, -15.83705]},
			"faces": {
				"north": {"uv": [14.75, 12.5, 14.875, 12.625], "texture": "#1"},
				"east": {"uv": [14.75, 13, 14.875, 13.125], "texture": "#1"},
				"south": {"uv": [13.75, 14.75, 13.875, 14.875], "texture": "#1"},
				"west": {"uv": [14.75, 14, 14.875, 14.125], "texture": "#1"},
				"up": {"uv": [14.375, 14.875, 14.25, 14.75], "texture": "#1"},
				"down": {"uv": [14.875, 14.5, 14.75, 14.625], "texture": "#1"}
			}
		},
		{
			"name": "Barrels",
			"from": [7.64783, 4.30293, -16],
			"to": [8.35218, 5.00728, -14.62576],
			"rotation": {"angle": -45, "axis": "z", "origin": [8, 4.6551, -13.01726]},
			"faces": {
				"north": {"uv": [0, 15, 0.125, 15.125], "texture": "#1"},
				"east": {"uv": [11.25, 13.75, 11.625, 13.875], "texture": "#1"},
				"south": {"uv": [15, 0.5, 15.125, 0.625], "texture": "#1"},
				"west": {"uv": [12, 13.75, 12.375, 13.875], "texture": "#1"},
				"up": {"uv": [12.875, 14.125, 12.75, 13.75], "texture": "#1"},
				"down": {"uv": [13.375, 13.75, 13.25, 14.125], "texture": "#1"}
			}
		},
		{
			"name": "Barrels",
			"from": [7.64783, 4.30293, -13.31074],
			"to": [8.35218, 5.00728, -11.5365],
			"rotation": {"angle": -45, "axis": "z", "origin": [8, 4.6551, -13.26461]},
			"faces": {
				"north": {"uv": [15, 1.5, 15.125, 1.625], "texture": "#1"},
				"east": {"uv": [13.25, 3.25, 13.75, 3.375], "texture": "#1"},
				"south": {"uv": [15, 2, 15.125, 2.125], "texture": "#1"},
				"west": {"uv": [13.25, 3.75, 13.75, 3.875], "texture": "#1"},
				"up": {"uv": [13.375, 6.75, 13.25, 6.25], "texture": "#1"},
				"down": {"uv": [7.125, 13.25, 7, 13.75], "texture": "#1"}
			}
		},
		{
			"name": "Barrels",
			"from": [7.7715, 3.80823, -12.08574],
			"to": [8.2285, 4.71046, -11.54825],
			"rotation": {"angle": 0, "axis": "y", "origin": [8, 0, 0]},
			"faces": {
				"north": {"uv": [14.25, 12.5, 14.375, 12.75], "texture": "#1"},
				"east": {"uv": [14.25, 13, 14.375, 13.25], "texture": "#1"},
				"south": {"uv": [13.75, 14.25, 13.875, 14.5], "texture": "#1"},
				"west": {"uv": [14.25, 14.25, 14.375, 14.5], "texture": "#1"},
				"up": {"uv": [15.125, 2.625, 15, 2.5], "texture": "#1"},
				"down": {"uv": [3.625, 15, 3.5, 15.125], "texture": "#1"}
			}
		},
		{
			"name": "Barrels",
			"from": [7.7715, 3.80823, -16],
			"to": [8.2285, 4.71046, -15.11145],
			"rotation": {"angle": 0, "axis": "y", "origin": [8, 0, 0]},
			"faces": {
				"north": {"uv": [0, 14.5, 0.125, 14.75], "texture": "#1"},
				"east": {"uv": [13.25, 7, 13.5, 7.25], "texture": "#1"},
				"south": {"uv": [14.5, 1.5, 14.625, 1.75], "texture": "#1"},
				"west": {"uv": [8.25, 13.25, 8.5, 13.5], "texture": "#1"},
				"up": {"uv": [3.875, 14.75, 3.75, 14.5], "texture": "#1"},
				"down": {"uv": [4.375, 14.5, 4.25, 14.75], "texture": "#1"}
			}
		},
		{
			"name": "Barrels",
			"from": [7.9215, 3.90823, -16],
			"to": [8.0785, 4.11046, -6.71145],
			"rotation": {"angle": 0, "axis": "y", "origin": [8, 0, 0]},
			"faces": {
				"north": {"uv": [4, 15, 4.125, 15.125], "texture": "#1"},
				"east": {"uv": [9.75, 1.75, 12.125, 1.875], "texture": "#1"},
				"south": {"uv": [4.5, 15, 4.625, 15.125], "texture": "#1"},
				"west": {"uv": [10, 0, 12.375, 0.125], "texture": "#1"},
				"up": {"uv": [2.625, 12.375, 2.5, 10], "texture": "#1"},
				"down": {"uv": [7.875, 10, 7.75, 12.375], "texture": "#1"}
			}
		},
		{
			"name": "Barrels",
			"from": [7.64783, 4.30293, -8.61109],
			"to": [8.35218, 5.00728, -8.0736],
			"rotation": {"angle": -45, "axis": "z", "origin": [8, 4.6551, -10.19747]},
			"faces": {
				"north": {"uv": [6.25, 15, 6.375, 15.125], "texture": "#1"},
				"east": {"uv": [6.75, 15, 6.875, 15.125], "texture": "#1"},
				"south": {"uv": [7.25, 15, 7.375, 15.125], "texture": "#1"},
				"west": {"uv": [7.75, 15, 7.875, 15.125], "texture": "#1"},
				"up": {"uv": [8.375, 15.125, 8.25, 15], "texture": "#1"},
				"down": {"uv": [8.875, 15, 8.75, 15.125], "texture": "#1"}
			}
		},
		{
			"name": "Handguard",
			"from": [7.05855, 5.44536, -8.27311],
			"to": [8.94145, 6.23582, -2.77311],
			"rotation": {"angle": 0, "axis": "y", "origin": [8, 0, 0]},
			"faces": {
				"north": {"uv": [8.25, 0.75, 8.75, 1], "texture": "#1"},
				"east": {"uv": [9.5, 8.5, 10.875, 8.75], "texture": "#1"},
				"south": {"uv": [12.25, 2.25, 12.75, 2.5], "texture": "#1"},
				"west": {"uv": [9.5, 9, 10.875, 9.25], "texture": "#1"},
				"up": {"uv": [2.75, 7.875, 2.25, 6.5], "texture": "#1"},
				"down": {"uv": [3.5, 6.75, 3, 8.125], "texture": "#1"}
			}
		},
		{
			"name": "Handguard",
			"from": [7.05855, 5.24536, -3.77311],
			"to": [8.94145, 5.46082, -2.77311],
			"rotation": {"angle": 0, "axis": "y", "origin": [8, 0, 0]},
			"faces": {
				"north": {"uv": [8.75, 13.25, 9.25, 13.375], "texture": "#1"},
				"east": {"uv": [4.75, 14.5, 5, 14.625], "texture": "#1"},
				"south": {"uv": [13.25, 9, 13.75, 9.125], "texture": "#1"},
				"west": {"uv": [6.25, 14.5, 6.5, 14.625], "texture": "#1"},
				"up": {"uv": [12.75, 5.75, 12.25, 5.5], "texture": "#1"},
				"down": {"uv": [11.25, 12.25, 10.75, 12.5], "texture": "#1"}
			}
		},
		{
			"name": "Handguard",
			"from": [7.05855, 5.24536, -5.72311],
			"to": [8.94145, 5.46082, -4.77311],
			"rotation": {"angle": 0, "axis": "y", "origin": [8, 0, 0]},
			"faces": {
				"north": {"uv": [13.25, 9.5, 13.75, 9.625], "texture": "#1"},
				"east": {"uv": [6.75, 14.5, 7, 14.625], "texture": "#1"},
				"south": {"uv": [10.5, 13.25, 11, 13.375], "texture": "#1"},
				"west": {"uv": [7.25, 14.5, 7.5, 14.625], "texture": "#1"},
				"up": {"uv": [12.75, 11, 12.25, 10.75], "texture": "#1"},
				"down": {"uv": [12.75, 11.25, 12.25, 11.5], "texture": "#1"}
			}
		},
		{
			"name": "Handguard",
			"from": [7.05855, 5.24536, -8.27311],
			"to": [8.94145, 5.46082, -7.32311],
			"rotation": {"angle": 0, "axis": "y", "origin": [8, 0, 0]},
			"faces": {
				"north": {"uv": [12, 13.25, 12.5, 13.375], "texture": "#1"},
				"east": {"uv": [7.75, 14.5, 8, 14.625], "texture": "#1"},
				"south": {"uv": [12.75, 13.25, 13.25, 13.375], "texture": "#1"},
				"west": {"uv": [8.25, 14.5, 8.5, 14.625], "texture": "#1"},
				"up": {"uv": [12.75, 12, 12.25, 11.75], "texture": "#1"},
				"down": {"uv": [12.75, 12.25, 12.25, 12.5], "texture": "#1"}
			}
		},
		{
			"name": "Handguard",
			"from": [7.53063, 6.22481, -8.27311],
			"to": [8.46937, 6.7079, -2.77311],
			"rotation": {"angle": 0, "axis": "y", "origin": [8, 0, 0]},
			"faces": {
				"north": {"uv": [8.75, 14.5, 9, 14.625], "texture": "#1"},
				"east": {"uv": [11, 1.25, 12.375, 1.375], "texture": "#1"},
				"south": {"uv": [9.25, 14.5, 9.5, 14.625], "texture": "#1"},
				"west": {"uv": [11.25, 5, 12.625, 5.125], "texture": "#1"},
				"up": {"uv": [4, 10.875, 3.75, 9.5], "texture": "#1"},
				"down": {"uv": [9.75, 9.5, 9.5, 10.875], "texture": "#1"}
			}
		},
		{
			"name": "Handguard",
			"from": [7.05855, 3.6397, -8.27311],
			"to": [8.94145, 5.17221, -0.77311],
			"rotation": {"angle": 0, "axis": "y", "origin": [8, 0, 0]},
			"faces": {
				"north": {"uv": [10.75, 6.5, 11.25, 6.875], "texture": "#1"},
				"east": {"uv": [5.25, 6.5, 7.125, 6.875], "texture": "#1"},
				"south": {"uv": [0, 11, 0.5, 11.375], "texture": "#1"},
				"west": {"uv": [0, 6.75, 1.875, 7.125], "texture": "#1"},
				"up": {"uv": [5.75, 3.375, 5.25, 1.5], "texture": "#1"},
				"down": {"uv": [5.75, 3.75, 5.25, 5.625], "texture": "#1"}
			}
		},
		{
			"name": "Handguard",
			"from": [7.065, 3.1397, -7.47311],
			"to": [8.935, 3.77221, -1.77311],
			"rotation": {"angle": 2.5, "axis": "x", "origin": [7.90599, 3.77575, 5.34562]},
			"faces": {
				"north": {"uv": [0, 13.5, 0.5, 13.625], "texture": "#1"},
				"east": {"uv": [11.5, 9.25, 12.875, 9.375], "texture": "#1"},
				"south": {"uv": [13.5, 0.5, 14, 0.625], "texture": "#1"},
				"west": {"uv": [11.5, 9.75, 12.875, 9.875], "texture": "#1"},
				"up": {"uv": [7.5, 2.875, 7, 1.5], "texture": "#1"},
				"down": {"uv": [5.75, 7.25, 5.25, 8.625], "texture": "#1"}
			}
		},
		{
			"name": "Handguard",
			"from": [7.065, 3.13346, -2.59311],
			"to": [8.935, 4.05079, -0.3166],
			"rotation": {"angle": 22.5, "axis": "x", "origin": [7.85662, 6.178, -0.98534]},
			"faces": {
				"north": {"uv": [0.5, 12.5, 1, 12.75], "texture": "#1"},
				"east": {"uv": [3.5, 12, 4.125, 12.25], "texture": "#1"},
				"south": {"uv": [12.5, 1.75, 13, 2], "texture": "#1"},
				"west": {"uv": [12, 6, 12.625, 6.25], "texture": "#1"},
				"up": {"uv": [10.25, 1.375, 9.75, 0.75], "texture": "#1"},
				"down": {"uv": [0.5, 10, 0, 10.625], "texture": "#1"}
			}
		},
		{
			"name": "Handguard",
			"from": [8.01175, 5.48374, -8.27311],
			"to": [8.67938, 6.22151, -2.77311],
			"rotation": {"angle": -45, "axis": "z", "origin": [8.82769, 5.91232, -4.21445]},
			"faces": {
				"north": {"uv": [9.25, 15, 9.375, 15.125], "texture": "#1"},
				"east": {"uv": [11.75, 0.5, 13.125, 0.625], "texture": "#1"},
				"south": {"uv": [9.75, 15, 9.875, 15.125], "texture": "#1"},
				"west": {"uv": [11.75, 2.75, 13.125, 2.875], "texture": "#1"},
				"up": {"uv": [8.375, 12.875, 8.25, 11.5], "texture": "#1"},
				"down": {"uv": [8.875, 11.5, 8.75, 12.875], "texture": "#1"}
			}
		},
		{
			"name": "Handguard",
			"from": [7.32061, 5.48374, -8.27311],
			"to": [7.98824, 6.22151, -2.77311],
			"rotation": {"angle": 45, "axis": "z", "origin": [7.17231, 5.91232, -4.21445]},
			"faces": {
				"north": {"uv": [10.25, 15, 10.375, 15.125], "texture": "#1"},
				"east": {"uv": [10, 11.75, 11.375, 11.875], "texture": "#1"},
				"south": {"uv": [10.75, 15, 10.875, 15.125], "texture": "#1"},
				"west": {"uv": [11.75, 10.25, 13.125, 10.375], "texture": "#1"},
				"up": {"uv": [0.125, 13.125, 0, 11.75], "texture": "#1"},
				"down": {"uv": [11.875, 10.75, 11.75, 12.125], "texture": "#1"}
			}
		},
		{
			"name": "Handguard",
			"from": [7.05855, 3.39341, -1.27311],
			"to": [8.94145, 3.6397, -0.77311],
			"rotation": {"angle": 0, "axis": "y", "origin": [8, 0, 0]},
			"faces": {
				"north": {"uv": [1.75, 13.5, 2.25, 13.625], "texture": "#1"},
				"east": {"uv": [12.75, 15, 12.875, 15.125], "texture": "#1"},
				"south": {"uv": [13.5, 2.75, 14, 2.875], "texture": "#1"},
				"west": {"uv": [13.25, 15, 13.375, 15.125], "texture": "#1"},
				"up": {"uv": [4.75, 13.625, 4.25, 13.5], "texture": "#1"},
				"down": {"uv": [5.5, 13.5, 5, 13.625], "texture": "#1"}
			}
		},
		{
			"name": "Handguard",
			"from": [7.065, 3.1093, -1.53261],
			"to": [8.935, 4.05079, -1.05723],
			"rotation": {"angle": 0, "axis": "y", "origin": [8, 0, 0]},
			"faces": {
				"north": {"uv": [3, 12.5, 3.5, 12.75], "texture": "#1"},
				"east": {"uv": [9.75, 14.5, 9.875, 14.75], "texture": "#1"},
				"south": {"uv": [12.5, 3.25, 13, 3.5], "texture": "#1"},
				"west": {"uv": [10.25, 14.5, 10.375, 14.75], "texture": "#1"},
				"up": {"uv": [8, 13.625, 7.5, 13.5], "texture": "#1"},
				"down": {"uv": [14, 8.5, 13.5, 8.625], "texture": "#1"}
			}
		},
		{
			"name": "Handguard",
			"from": [7.065, 2.59719, -3.3881],
			"to": [8.935, 3.53964, -2.9863],
			"rotation": {"angle": -45, "axis": "x", "origin": [7.85662, 5.66686, -2.84083]},
			"faces": {
				"north": {"uv": [3.75, 12.5, 4.25, 12.75], "texture": "#1"},
				"east": {"uv": [10.75, 14.5, 10.875, 14.75], "texture": "#1"},
				"south": {"uv": [12.5, 3.75, 13, 4], "texture": "#1"},
				"west": {"uv": [12.75, 14.5, 12.875, 14.75], "texture": "#1"},
				"up": {"uv": [10, 13.625, 9.5, 13.5], "texture": "#1"},
				"down": {"uv": [14, 10, 13.5, 10.125], "texture": "#1"}
			}
		},
		{
			"name": "Stock",
			"from": [7.33215, 2.75996, 11.51747],
			"to": [8.66784, 4.00996, 23.01747],
			"rotation": {"angle": 17.5, "axis": "x", "origin": [7.97526, 4.37984, 12.12453]},
			"faces": {
				"north": {"uv": [7, 12.75, 7.375, 13], "texture": "#1"},
				"east": {"uv": [5.25, 6, 8.125, 6.25], "texture": "#1"},
				"south": {"uv": [12.75, 8.5, 13.125, 8.75], "texture": "#1"},
				"west": {"uv": [6, 5.5, 8.875, 5.75], "texture": "#1"},
				"up": {"uv": [4.125, 4.375, 3.75, 1.5], "texture": "#1"},
				"down": {"uv": [4.875, 1.5, 4.5, 4.375], "texture": "#1"}
			}
		},
		{
			"name": "Stock",
			"from": [7.33216, 2.55758, 12.41953],
			"to": [8.66785, 6.75066, 13.6208],
			"rotation": {"angle": -79, "axis": "x", "origin": [8.66804, 4.75066, 13.49581]},
			"faces": {
				"north": {"uv": [9.25, 4.25, 9.625, 5.25], "texture": "#1"},
				"east": {"uv": [10, 9.5, 10.25, 10.5], "texture": "#1"},
				"south": {"uv": [7, 9.25, 7.375, 10.25], "texture": "#1"},
				"west": {"uv": [5.75, 10.25, 6, 11.25], "texture": "#1"},
				"up": {"uv": [9.625, 13, 9.25, 12.75], "texture": "#1"},
				"down": {"uv": [11.125, 12.75, 10.75, 13], "texture": "#1"}
			}
		},
		{
			"name": "Stock",
			"from": [7.33, -0.11054, 14.2494],
			"to": [8.67, 11.38946, 18.9994],
			"rotation": {"angle": -84, "axis": "x", "origin": [7.99784, 4.29292, 18.59876]},
			"faces": {
				"north": {"uv": [3.75, 4.75, 4.125, 7.625], "texture": "#1"},
				"east": {"uv": [0, 0, 1.25, 2.875], "texture": "#1"},
				"south": {"uv": [4.5, 4.75, 4.875, 7.625], "texture": "#1"},
				"west": {"uv": [1.5, 0, 2.75, 2.875], "texture": "#1"},
				"up": {"uv": [0.375, 9.75, 0, 8.5], "texture": "#1"},
				"down": {"uv": [2.875, 8.5, 2.5, 9.75], "texture": "#1"}
			}
		},
		{
			"name": "Stock",
			"from": [7.33216, 2.77177, 14.97784],
			"to": [8.66785, 4.96485, 16.05411],
			"rotation": {"angle": 52.5, "axis": "x", "origin": [8, 3.86831, 15.51598]},
			"faces": {
				"north": {"uv": [11, 0.5, 11.375, 1], "texture": "#1"},
				"east": {"uv": [7.5, 6.5, 7.75, 7], "texture": "#1"},
				"south": {"uv": [11, 10.25, 11.375, 10.75], "texture": "#1"},
				"west": {"uv": [12.5, 4.25, 12.75, 4.75], "texture": "#1"},
				"up": {"uv": [12.375, 13, 12, 12.75], "texture": "#1"},
				"down": {"uv": [13.125, 12.75, 12.75, 13], "texture": "#1"}
			}
		},
		{
			"name": "BaseReceiver",
			"from": [8, 0.95459, 5.06616],
			"to": [8, 3.42809, 9.02482],
			"rotation": {"angle": 0, "axis": "y", "origin": [8, 0, 0]},
			"faces": {
				"north": {"uv": [5, 8, 5, 8.625], "texture": "#1"},
				"east": {"uv": [0, 7.5, 1, 8.125], "texture": "#1"},
				"south": {"uv": [5.75, 9, 5.75, 9.625], "texture": "#1"},
				"west": {"uv": [7.75, 1.25, 8.75, 1.875], "texture": "#1"},
				"up": {"uv": [4.25, 10.5, 4.25, 9.5], "texture": "#1"},
				"down": {"uv": [3, 10, 3, 11], "texture": "#1"}
			}
		},
		{
			"name": "BaseReceiver",
			"from": [7.1082, 3.46656, -0.80579],
			"to": [8.8918, 4.95066, 11.83857],
			"rotation": {"angle": 0, "axis": "y", "origin": [8, 0, 0]},
			"faces": {
				"north": {"uv": [11, 11, 11.5, 11.375], "texture": "#1"},
				"east": {"uv": [3.75, 0, 6.875, 0.375], "texture": "#1"},
				"south": {"uv": [3.75, 11.25, 4.25, 11.625], "texture": "#1"},
				"west": {"uv": [3.75, 0.75, 6.875, 1.125], "texture": "#1"},
				"up": {"uv": [3.5, 3.125, 3, 0], "texture": "#1"},
				"down": {"uv": [0.5, 3.25, 0, 6.375], "texture": "#1"}
			}
		},
		{
			"name": "BaseReceiver",
			"from": [7.3379, 4.75278, -2.78141],
			"to": [8.6621, 6.5337, 0.40728],
			"rotation": {"angle": 0, "axis": "y", "origin": [8, 0, 0]},
			"faces": {
				"north": {"uv": [11.25, 4.25, 11.625, 4.75], "texture": "#1"},
				"east": {"uv": [9, 6.5, 9.75, 7], "texture": "#1"},
				"south": {"uv": [6.75, 11.25, 7.125, 11.75], "texture": "#1"},
				"west": {"uv": [7.75, 9.25, 8.5, 9.75], "texture": "#1"},
				"up": {"uv": [10.375, 5, 10, 4.25], "texture": "#1"},
				"down": {"uv": [10.375, 6.5, 10, 7.25], "texture": "#1"}
			}
		},
		{
			"name": "BaseReceiver",
			"from": [7.11, 3.36958, -0.82896],
			"to": [8.89, 3.89288, 11.82773],
			"rotation": {"angle": 2, "axis": "x", "origin": [8.74271, 3.36958, -0.37896]},
			"faces": {
				"north": {"uv": [2.5, 13.75, 3, 13.875], "texture": "#1"},
				"east": {"uv": [8.5, 6, 11.625, 6.125], "texture": "#1"},
				"south": {"uv": [3.25, 13.75, 3.75, 13.875], "texture": "#1"},
				"west": {"uv": [8.75, 2.25, 11.875, 2.375], "texture": "#1"},
				"up": {"uv": [1.25, 6.375, 0.75, 3.25], "texture": "#1"},
				"down": {"uv": [2, 3.25, 1.5, 6.375], "texture": "#1"}
			}
		},
		{
			"name": "BaseReceiver",
			"from": [8.84205, 3.79822, 3.70644],
			"to": [8.94205, 5.25758, 9.37075],
			"rotation": {"angle": -22.5, "axis": "x", "origin": [7.94205, 4.3279, 8.76474]},
			"faces": {
				"north": {"uv": [0.75, 14, 0.875, 14.375], "texture": "#1"},
				"east": {"uv": [8.25, 0, 9.625, 0.375], "texture": "#1"},
				"south": {"uv": [1.75, 14, 1.875, 14.375], "texture": "#1"},
				"west": {"uv": [7, 8.5, 8.375, 8.875], "texture": "#1"},
				"up": {"uv": [1.375, 13.375, 1.25, 12], "texture": "#1"},
				"down": {"uv": [12.125, 3.25, 12, 4.625], "texture": "#1"}
			}
		},
		{
			"name": "upper",
			"from": [7.43115, 5.61658, -0.0148],
			"to": [8.56885, 6.4823, 10.27878],
			"rotation": {"angle": 0, "axis": "y", "origin": [8, 0, 0]},
			"faces": {
				"north": {"uv": [0.75, 13.5, 1, 13.75], "texture": "#1"},
				"east": {"uv": [7, 3.25, 9.625, 3.5], "texture": "#1"},
				"south": {"uv": [6.5, 13.5, 6.75, 13.75], "texture": "#1"},
				"west": {"uv": [7, 3.75, 9.625, 4], "texture": "#1"},
				"up": {"uv": [6.25, 9.875, 6, 7.25], "texture": "#1"},
				"down": {"uv": [6.75, 7.25, 6.5, 9.875], "texture": "#1"}
			}
		},
		{
			"name": "upper",
			"from": [7.0698, 4.86898, -0.76692],
			"to": [8.9302, 5.75944, 11.22083],
			"rotation": {"angle": 0, "axis": "y", "origin": [8, 0, 0]},
			"faces": {
				"north": {"uv": [4.5, 12.5, 5, 12.75], "texture": "#1"},
				"east": {"uv": [6, 4.5, 9, 4.75], "texture": "#1"},
				"south": {"uv": [5.25, 12.5, 5.75, 12.75], "texture": "#1"},
				"west": {"uv": [6, 5, 9, 5.25], "texture": "#1"},
				"up": {"uv": [2.75, 6.25, 2.25, 3.25], "texture": "#1"},
				"down": {"uv": [3.5, 3.5, 3, 6.5], "texture": "#1"}
			}
		},
		{
			"name": "upper",
			"from": [7.0698, 4.85172, 11.17072],
			"to": [8.9302, 5.24748, 11.88803],
			"rotation": {"angle": 0, "axis": "y", "origin": [8, 0, 0]},
			"faces": {
				"north": {"uv": [13.5, 11.25, 14, 11.375], "texture": "#1"},
				"east": {"uv": [15, 13.5, 15.125, 13.625], "texture": "#1"},
				"south": {"uv": [13.5, 11.75, 14, 11.875], "texture": "#1"},
				"west": {"uv": [14.75, 15, 14.875, 15.125], "texture": "#1"},
				"up": {"uv": [14, 12.375, 13.5, 12.25], "texture": "#1"},
				"down": {"uv": [14, 12.75, 13.5, 12.875], "texture": "#1"}
			}
		},
		{
			"name": "upper",
			"from": [7.0698, 4.75278, 11.04704],
			"to": [8.9302, 5.24748, 11.88803],
			"rotation": {"angle": 37.5, "axis": "x", "origin": [8.70251, 5.24748, 11.88803]},
			"faces": {
				"north": {"uv": [13.5, 13.25, 14, 13.375], "texture": "#1"},
				"east": {"uv": [13.25, 14.5, 13.5, 14.625], "texture": "#1"},
				"south": {"uv": [13.75, 1.5, 14.25, 1.625], "texture": "#1"},
				"west": {"uv": [14.5, 13.5, 14.75, 13.625], "texture": "#1"},
				"up": {"uv": [13, 6.75, 12.5, 6.5], "texture": "#1"},
				"down": {"uv": [13, 7, 12.5, 7.25], "texture": "#1"}
			}
		},
		{
			"name": "upper",
			"from": [7.43115, 4.75278, 9.8085],
			"to": [8.56885, 5.39806, 10.99593],
			"rotation": {"angle": 37.5, "axis": "x", "origin": [8.61757, 5.24748, 11.64068]},
			"faces": {
				"north": {"uv": [14.75, 0, 15, 0.125], "texture": "#1"},
				"east": {"uv": [0.5, 14.75, 0.75, 14.875], "texture": "#1"},
				"south": {"uv": [1, 14.75, 1.25, 14.875], "texture": "#1"},
				"west": {"uv": [14.75, 1, 15, 1.125], "texture": "#1"},
				"up": {"uv": [1.5, 14, 1.25, 13.75], "texture": "#1"},
				"down": {"uv": [14, 2, 13.75, 2.25], "texture": "#1"}
			}
		},
		{
			"name": "upper",
			"from": [7.79685, 4.75278, 10.89684],
			"to": [8.20315, 5.59594, 11.58957],
			"rotation": {"angle": 37.5, "axis": "x", "origin": [8.68751, 5.24748, 11.64068]},
			"faces": {
				"north": {"uv": [1.5, 14.75, 1.625, 15], "texture": "#1"},
				"east": {"uv": [2, 14.75, 2.125, 15], "texture": "#1"},
				"south": {"uv": [2.5, 14.75, 2.625, 15], "texture": "#1"},
				"west": {"uv": [3, 14.75, 3.125, 15], "texture": "#1"},
				"up": {"uv": [15.375, 0.125, 15.25, 0], "texture": "#1"},
				"down": {"uv": [0.625, 15.25, 0.5, 15.375], "texture": "#1"}
			}
		},
		{
			"name": "Bolt",
			"from": [7.35679, 4.72057, -0.02169],
			"to": [8.64321, 5.70997, 4.29616],
			"rotation": {"angle": 0, "axis": "y", "origin": [8, 0, 0]},
			"faces": {
				"north": {"uv": [0.5, 13, 0.875, 13.25], "texture": "#1"},
				"east": {"uv": [10, 3.25, 11.125, 3.5], "texture": "#1"},
				"south": {"uv": [13, 2.25, 13.375, 2.5], "texture": "#1"},
				"west": {"uv": [10, 3.75, 11.125, 4], "texture": "#1"},
				"up": {"uv": [9.125, 9.625, 8.75, 8.5], "texture": "#1"},
				"down": {"uv": [1.125, 9, 0.75, 10.125], "texture": "#1"}
			}
		},
		{
			"name": "Bolt",
			"from": [7.35879, 5.22257, 0.73031],
			"to": [9.64121, 5.70797, 0.97631],
			"rotation": {"angle": 0, "axis": "y", "origin": [8, 0, 0]},
			"faces": {
				"north": {"uv": [4.25, 13, 4.875, 13.125], "texture": "#1"},
				"east": {"uv": [1, 15.25, 1.125, 15.375], "texture": "#1"},
				"south": {"uv": [13, 4.25, 13.625, 4.375], "texture": "#1"},
				"west": {"uv": [15.25, 1, 15.375, 1.125], "texture": "#1"},
				"up": {"uv": [13.625, 4.875, 13, 4.75], "texture": "#1"},
				"down": {"uv": [13.625, 5.25, 13, 5.375], "texture": "#1"}
			}
		},
		{
			"name": "Bolt",
			"from": [7.60414, 5.69078, 0.22566],
			"to": [8.39586, 6.43283, 4.04881],
			"rotation": {"angle": 0, "axis": "y", "origin": [8, 0, 0]},
			"faces": {
				"north": {"uv": [14.75, 3, 15, 3.125], "texture": "#1"},
				"east": {"uv": [12.5, 7.5, 13.5, 7.625], "texture": "#1"},
				"south": {"uv": [14.75, 3.5, 15, 3.625], "texture": "#1"},
				"west": {"uv": [12.5, 8, 13.5, 8.125], "texture": "#1"},
				"up": {"uv": [6.5, 11.25, 6.25, 10.25], "texture": "#1"},
				"down": {"uv": [10.75, 0.5, 10.5, 1.5], "texture": "#1"}
			}
		},
		{
			"name": "rear_sight",
			"from": [7.63736, 6.68422, -2.94331],
			"to": [8.36263, 6.90044, 0.64154],
			"rotation": {"angle": -1, "axis": "x", "origin": [8, 6.71961, -0.75354]},
			"faces": {
				"north": {"uv": [1.5, 15.25, 1.625, 15.375], "texture": "#1"},
				"east": {"uv": [12.75, 0, 13.625, 0.125], "texture": "#1"},
				"south": {"uv": [2, 15.25, 2.125, 15.375], "texture": "#1"},
				"west": {"uv": [12.75, 1, 13.625, 1.125], "texture": "#1"},
				"up": {"uv": [6.125, 13.375, 6, 12.5], "texture": "#1"},
				"down": {"uv": [11.625, 12.5, 11.5, 13.375], "texture": "#1"}
			}
		},
		{
			"name": "rear_sight",
			"from": [7.56803, 6.09258, -2.72066],
			"to": [8.43197, 6.70425, -0.08629],
			"rotation": {"angle": 12.5, "axis": "x", "origin": [7.6125, 6.59841, -0.86598]},
			"faces": {
				"north": {"uv": [14.75, 4, 15, 4.125], "texture": "#1"},
				"east": {"uv": [13, 5.75, 13.625, 5.875], "texture": "#1"},
				"south": {"uv": [14.75, 4.5, 15, 4.625], "texture": "#1"},
				"west": {"uv": [13, 10.75, 13.625, 10.875], "texture": "#1"},
				"up": {"uv": [6.75, 12.625, 6.5, 12], "texture": "#1"},
				"down": {"uv": [12.25, 6.5, 12, 7.125], "texture": "#1"}
			}
		},
		{
			"name": "rear_sight",
			"from": [7.38163, 6.51553, -0.22313],
			"to": [8.61838, 6.95091, 0.21221],
			"rotation": {"angle": -45, "axis": "x", "origin": [8.17119, 6.75795, -0.01711]},
			"faces": {
				"north": {"uv": [14.75, 5, 15, 5.125], "texture": "#1"},
				"east": {"uv": [2.5, 15.25, 2.625, 15.375], "texture": "#1"},
				"south": {"uv": [5.25, 14.75, 5.5, 14.875], "texture": "#1"},
				"west": {"uv": [3, 15.25, 3.125, 15.375], "texture": "#1"},
				"up": {"uv": [15, 5.625, 14.75, 5.5], "texture": "#1"},
				"down": {"uv": [6, 14.75, 5.75, 14.875], "texture": "#1"}
			}
		},
		{
			"name": "rear_sight",
			"from": [7.25795, 6.70749, 0.32738],
			"to": [8.74205, 7.1923, 0.6425],
			"rotation": {"angle": 0, "axis": "y", "origin": [8, 0, 0]},
			"faces": {
				"north": {"uv": [13.75, 13.75, 14.125, 13.875], "texture": "#1"},
				"east": {"uv": [15.25, 3, 15.375, 3.125], "texture": "#1"},
				"south": {"uv": [0, 14, 0.375, 14.125], "texture": "#1"},
				"west": {"uv": [15.25, 3.5, 15.375, 3.625], "texture": "#1"},
				"up": {"uv": [14.375, 0.125, 14, 0], "texture": "#1"},
				"down": {"uv": [14.375, 1, 14, 1.125], "texture": "#1"}
			}
		},
		{
			"name": "Grip",
			"from": [7.2186, 1.87174, 8.48754],
			"to": [8.7814, 3.15796, 10.96104],
			"rotation": {"angle": 0, "axis": "y", "origin": [8, 0, 0]},
			"faces": {
				"north": {"uv": [7, 12, 7.375, 12.375], "texture": "#1"},
				"east": {"uv": [6.75, 10.5, 7.375, 10.875], "texture": "#1"},
				"south": {"uv": [12, 8.5, 12.375, 8.875], "texture": "#1"},
				"west": {"uv": [10.5, 9.5, 11.125, 9.875], "texture": "#1"},
				"up": {"uv": [1.125, 11.125, 0.75, 10.5], "texture": "#1"},
				"down": {"uv": [5.375, 10.5, 5, 11.125], "texture": "#1"}
			}
		},
		{
			"name": "Grip",
			"from": [7.49263, 1.87174, 5.04938],
			"to": [8.50736, 3.2569, 6.01405],
			"rotation": {"angle": 0, "axis": "y", "origin": [8, 0, 0]},
			"faces": {
				"north": {"uv": [7.75, 12.75, 8, 13.125], "texture": "#1"},
				"east": {"uv": [2.75, 13, 3, 13.375], "texture": "#1"},
				"south": {"uv": [3.25, 13, 3.5, 13.375], "texture": "#1"},
				"west": {"uv": [3.75, 13, 4, 13.375], "texture": "#1"},
				"up": {"uv": [6, 14, 5.75, 13.75], "texture": "#1"},
				"down": {"uv": [14, 6.25, 13.75, 6.5], "texture": "#1"}
			}
		},
		{
			"name": "Grip",
			"from": [7.21875, 2.71591, 10.93631],
			"to": [8.78155, 3.05902, 11.2084],
			"rotation": {"angle": 0, "axis": "y", "origin": [8, 0, 0]},
			"faces": {
				"north": {"uv": [14, 3.25, 14.375, 3.375], "texture": "#1"},
				"east": {"uv": [15.25, 4, 15.375, 4.125], "texture": "#1"},
				"south": {"uv": [14, 3.75, 14.375, 3.875], "texture": "#1"},
				"west": {"uv": [15.25, 4.5, 15.375, 4.625], "texture": "#1"},
				"up": {"uv": [4.375, 14.125, 4, 14], "texture": "#1"},
				"down": {"uv": [14.375, 4.25, 14, 4.375], "texture": "#1"}
			}
		},
		{
			"name": "Grip",
			"from": [7.33115, -2.04526, 9.76144],
			"to": [8.66885, -1.33788, 10.28646],
			"rotation": {"angle": 32.5, "axis": "x", "origin": [8.59323, -1.98099, 10.20667]},
			"faces": {
				"north": {"uv": [4.75, 14, 5.125, 14.125], "texture": "#1"},
				"east": {"uv": [5, 15.25, 5.125, 15.375], "texture": "#1"},
				"south": {"uv": [14, 4.75, 14.375, 4.875], "texture": "#1"},
				"west": {"uv": [15.25, 5, 15.375, 5.125], "texture": "#1"},
				"up": {"uv": [14.375, 5.375, 14, 5.25], "texture": "#1"},
				"down": {"uv": [14.375, 5.75, 14, 5.875], "texture": "#1"}
			}
		},
		{
			"name": "Grip",
			"from": [7.33115, -1.62325, 11.13437],
			"to": [8.66885, -1.07908, 11.5796],
			"rotation": {"angle": 32.5, "axis": "x", "origin": [8.59323, -1.72219, 11.5796]},
			"faces": {
				"north": {"uv": [6.25, 14, 6.625, 14.125], "texture": "#1"},
				"east": {"uv": [5.5, 15.25, 5.625, 15.375], "texture": "#1"},
				"south": {"uv": [7, 14, 7.375, 14.125], "texture": "#1"},
				"west": {"uv": [15.25, 5.5, 15.375, 5.625], "texture": "#1"},
				"up": {"uv": [14.375, 9.125, 14, 9], "texture": "#1"},
				"down": {"uv": [9.625, 14, 9.25, 14.125], "texture": "#1"}
			}
		},
		{
			"name": "Grip",
			"from": [7.21875, 2.0228, 10.71369],
			"to": [8.78155, 2.71591, 11.20839],
			"rotation": {"angle": 22.5, "axis": "x", "origin": [8.48083, 2.71591, 11.20839]},
			"faces": {
				"north": {"uv": [14, 9.5, 14.375, 9.625], "texture": "#1"},
				"east": {"uv": [15.25, 6, 15.375, 6.125], "texture": "#1"},
				"south": {"uv": [14, 10.5, 14.375, 10.625], "texture": "#1"},
				"west": {"uv": [15.25, 6.5, 15.375, 6.625], "texture": "#1"},
				"up": {"uv": [14.625, 0.625, 14.25, 0.5], "texture": "#1"},
				"down": {"uv": [14.625, 2, 14.25, 2.125], "texture": "#1"}
			}
		},
		{
			"name": "Grip",
			"from": [7.33115, -1.99916, 9.56988],
			"to": [8.66885, 2.42841, 11.44974],
			"rotation": {"angle": -17.5, "axis": "x", "origin": [7.91242, -0.0451, 9.02571]},
			"faces": {
				"north": {"uv": [9, 0.75, 9.375, 1.875], "texture": "#1"},
				"east": {"uv": [1.25, 7.5, 1.75, 8.625], "texture": "#1"},
				"south": {"uv": [5, 9, 5.375, 10.125], "texture": "#1"},
				"west": {"uv": [3.75, 8, 4.25, 9.125], "texture": "#1"},
				"up": {"uv": [11.625, 9, 11.25, 8.5], "texture": "#1"},
				"down": {"uv": [9.625, 11.25, 9.25, 11.75], "texture": "#1"}
			}
		},
		{
			"name": "Grip",
			"from": [7.33115, -2.34408, 9.59944],
			"to": [8.66885, -1.61616, 11.06039],
			"rotation": {"angle": -17.5, "axis": "x", "origin": [7.91242, -0.13206, 9.05527]},
			"faces": {
				"north": {"uv": [2.25, 14.25, 2.625, 14.375], "texture": "#1"},
				"east": {"uv": [14.25, 2.5, 14.625, 2.625], "texture": "#1"},
				"south": {"uv": [3, 14.25, 3.375, 14.375], "texture": "#1"},
				"west": {"uv": [5.5, 14.25, 5.875, 14.375], "texture": "#1"},
				"up": {"uv": [9.625, 12.375, 9.25, 12], "texture": "#1"},
				"down": {"uv": [10.375, 12.25, 10, 12.625], "texture": "#1"}
			}
		},
		{
			"name": "Mag",
			"from": [7.44346, -3.4581, 1.20387],
			"to": [8.55654, 0.10374, 4.1968],
			"rotation": {"angle": 34, "axis": "x", "origin": [8.55654, 0.10374, 4.19681]},
			"faces": {
				"north": {"uv": [10.5, 10.25, 10.75, 11.125], "texture": "#1"},
				"east": {"uv": [7.25, 0, 8, 0.875], "texture": "#1"},
				"south": {"uv": [10.75, 4.25, 11, 5.125], "texture": "#1"},
				"west": {"uv": [7, 7.25, 7.75, 8.125], "texture": "#1"},
				"up": {"uv": [10.25, 11.5, 10, 10.75], "texture": "#1"},
				"down": {"uv": [1, 11.5, 0.75, 12.25], "texture": "#1"}
			}
		},
		{
			"name": "Mag",
			"from": [7.44395, -5.86259, -0.78788],
			"to": [8.55604, -2.84916, 2.20505],
			"rotation": {"angle": 49, "axis": "x", "origin": [8.55703, -2.84916, 2.20505]},
			"faces": {
				"north": {"uv": [3, 11.5, 3.25, 12.25], "texture": "#1"},
				"east": {"uv": [7.75, 2.25, 8.5, 3], "texture": "#1"},
				"south": {"uv": [11.5, 3.25, 11.75, 4], "texture": "#1"},
				"west": {"uv": [8, 6.5, 8.75, 7.25], "texture": "#1"},
				"up": {"uv": [5.25, 12.25, 5, 11.5], "texture": "#1"},
				"down": {"uv": [5.75, 11.5, 5.5, 12.25], "texture": "#1"}
			}
		},
		{
			"name": "Mag",
			"from": [7.44544, 0.10374, 1.15836],
			"to": [8.55456, 4.55208, 4.19681],
			"rotation": {"angle": 12.5, "axis": "x", "origin": [8.55456, 0.10374, 4.19681]},
			"faces": {
				"north": {"uv": [8.25, 10, 8.5, 11.125], "texture": "#1"},
				"east": {"uv": [6, 1.5, 6.75, 2.625], "texture": "#1"},
				"south": {"uv": [8.75, 10, 9, 11.125], "texture": "#1"},
				"west": {"uv": [6, 3, 6.75, 4.125], "texture": "#1"},
				"up": {"uv": [6.25, 12.25, 6, 11.5], "texture": "#1"},
				"down": {"uv": [11.75, 6.5, 11.5, 7.25], "texture": "#1"}
			}
		}
	],
	"display": {
		"thirdperson_righthand": {
			"rotation": [0, -12.5, 0],
			"translation": [0.25, 3.25, 0.25],
			"scale": [0.7, 0.7, 0.7]
		},
		"thirdperson_lefthand": {
			"translation": [0, 3.25, -2.25],
			"scale": [0.7, 0.7, 0.7]
		},
		"firstperson_righthand": {
			"rotation": [5.03, 1.06, 5.36],
			"translation": [-2.75, 5.5, -3]
		},
		"firstperson_lefthand": {
			"rotation": [5.03, 1.06, 5.36],
			"translation": [-2.75, 5.5, -3]
		},
		"ground": {
			"translation": [0, 3, 0],
			"scale": [0.55, 0.55, 0.55]
		},
		"gui": {
			"rotation": [-155, -45, 180],
			"translation": [0, 1.75, 0],
			"scale": [0.65, 0.65, 0.65]
		},
		"fixed": {
			"rotation": [0, 90, 0]
		}
	},
	"groups": [
		{
			"name": "base",
			"origin": [0, 0.5, 0],
			"color": 0,
			"children": [
				{
					"name": "Barrels",
					"origin": [0, -2.26626, -4.09285],
					"color": 1,
					"children": [0, 1, 2, 3, 4, 5, 6, 7, 8, 9, 10, 11, 12, 13, 14, 15]
				},
				{
					"name": "Ak74m_base",
					"origin": [0, -7.21326, 6.69161],
					"color": 2,
					"children": [
						{
							"name": "Handguard",
							"origin": [0.0001, 5.06686, -5.42351],
							"color": 3,
							"children": [16, 17, 18, 19, 20, 21, 22, 23, 24, 25, 26, 27, 28]
						},
						{
							"name": "Stock",
							"origin": [-0.02721, 3.27575, 13.72372],
							"color": 4,
							"children": [29, 30, 31, 32]
						},
						{
							"name": "BaseReceiver",
							"origin": [0.69258, 0.88882, -0.88229],
							"color": 5,
							"children": [
								33,
								34,
								35,
								36,
								37,
								{
									"name": "upper",
									"origin": [0.76688, 4.74748, 8.64068],
									"color": 6,
									"children": [38, 39, 40, 41, 42, 43]
								},
								{
									"name": "Bolt",
									"origin": [-0.14851, 3.0284, 3.5329],
									"color": 7,
									"children": [44, 45, 46]
								},
								{
									"name": "rear_sight",
									"origin": [-0.34629, 7.0341, -2.47271],
									"color": 8,
									"children": [47, 48, 49, 50]
								}
							]
						},
						{
							"name": "Grip",
							"origin": [-0.09894, 0.22421, 6.88088],
							"color": 9,
							"children": [51, 52, 53, 54, 55, 56, 57, 58]
						},
						{
							"name": "Mag",
							"origin": [0.01237, 0.24947, -2.49283],
							"color": 0,
							"children": [59, 60, 61]
						},
						{
							"name": "positioning2",
							"origin": [0, 0, 0],
							"color": 1,
							"children": [
								{
									"name": "scope_pos",
									"origin": [0, 6.475, 5.275],
									"color": 2,
									"children": []
								}
							]
						}
					]
				}
			]
		},
		{
			"name": "positioning",
			"origin": [3.025, -8.95, -11.225],
			"color": 3,
			"children": [
				{
					"name": "ground",
					"origin": [0, -10, 0],
					"color": 4,
					"children": []
				},
				{
					"name": "fixed",
					"origin": [-1.1, 4.425, 2.175],
					"rotation": [0, -90, 0],
					"color": 5,
					"children": []
				},
				{
					"name": "thirdperson_hand",
					"origin": [-0.025, 2.975, 7.15],
					"color": 6,
					"children": []
				},
				{
					"name": "shell",
					"origin": [0.625, 4.875, -1.225],
					"color": 7,
					"children": []
				},
				{
					"name": "muzzle_flash",
					"origin": [0.025, 4.1, -21.475],
					"color": 8,
					"children": []
				}
			]
		}
	]
}