{
	"credit": "Made with Blockbench",
	"texture_size": [32, 32],
	"textures": {
		"2": "pillagers_gun:item/pistol",
		"particle": "pillagers_gun:item/pistol"
	},
	"elements": [
		{
			"name": "lod",
			"from": [7.625, 8.25, 0.0625],
			"to": [8.375, 9, 5.25],
			"rotation": {"angle": 0, "axis": "y", "origin": [8, 4, 6]},
			"faces": {
				"north": {"uv": [8.5, 11.5, 8.875, 11.875], "texture": "#2"},
				"east": {"uv": [5, 7, 7.625, 7.375], "texture": "#2"},
				"south": {"uv": [0, 0, 0, 0], "texture": "#2"},
				"west": {"uv": [5, 8, 7.625, 8.375], "texture": "#2"},
				"up": {"uv": [0, 0, 0, 0], "texture": "#2"},
				"down": {"uv": [3.375, 7, 3, 9.625], "texture": "#2"}
			}
		},
		{
			"name": "lod",
			"from": [7.56883, 8.59881, 0.0635],
			"to": [8.40652, 9.4365, 5.249],
			"rotation": {"angle": 45, "axis": "z", "origin": [7.94283, 9.0625, 2.65625]},
			"faces": {
				"north": {"uv": [12, 2, 12.375, 2.375], "texture": "#2"},
				"east": {"uv": [0, 0, 0, 0], "texture": "#2"},
				"south": {"uv": [2.5, 12, 2.875, 12.375], "texture": "#2"},
				"west": {"uv": [8.5, 2, 11.125, 2.375], "texture": "#2"},
				"up": {"uv": [0, 0, 0, 0], "texture": "#2"},
				"down": {"uv": [8.875, 7, 8.5, 9.625], "texture": "#2"}
			}
		},
		{
			"name": "lod",
			"from": [6.61256, 10.38128, 0.0625],
			"to": [7.45225, 11.22097, 8.875],
			"rotation": {"angle": -45, "axis": "z", "origin": [6.17506, 9.06878, 8]},
			"faces": {
				"north": {"uv": [12, 0, 12.375, 0.375], "texture": "#2"},
				"east": {"uv": [0, 0, 0, 0], "texture": "#2"},
				"south": {"uv": [1.5, 12, 1.875, 12.375], "texture": "#2"},
				"west": {"uv": [4, 4, 8.375, 4.375], "texture": "#2"},
				"up": {"uv": [4.375, 9.375, 4, 5], "texture": "#2"},
				"down": {"uv": [0, 0, 0, 0], "texture": "#2"}
			}
		},
		{
			"name": "lod",
			"from": [7.9375, 9.875, 0.0625],
			"to": [8.0625, 10.25, 0.75],
			"rotation": {"angle": 0, "axis": "y", "origin": [8, 4, 6]},
			"faces": {
				"north": {"uv": [11.5, 13, 11.625, 13.25], "texture": "#2"},
				"east": {"uv": [12.5, 5, 12.875, 5.25], "texture": "#2"},
				"south": {"uv": [12.5, 13, 12.625, 13.25], "texture": "#2"},
				"west": {"uv": [8.5, 12.5, 8.875, 12.75], "texture": "#2"},
				"up": {"uv": [5.625, 13.375, 5.5, 13], "texture": "#2"},
				"down": {"uv": [0, 0, 0, 0], "texture": "#2"}
			}
		},
		{
			"name": "lod",
			"from": [7.475, 3.6875, 7.5],
			"to": [8.5375, 8.4375, 9.9375],
			"rotation": {"angle": -22.5, "axis": "x", "origin": [8.00625, 4.375, 7.46875]},
			"faces": {
				"north": {"uv": [0, 7, 0.5, 9.375], "texture": "#2"},
				"east": {"uv": [0, 0, 1.25, 2.375], "texture": "#2"},
				"south": {"uv": [1, 7, 1.5, 9.375], "texture": "#2"},
				"west": {"uv": [2, 0, 3.25, 2.375], "texture": "#2"},
				"up": {"uv": [0, 0, 0, 0], "texture": "#2"},
				"down": {"uv": [7.5, 9, 7, 10.25], "texture": "#2"}
			}
		},
		{
			"name": "lod",
			"from": [7.476, 8.02374, 8.06306],
			"to": [8.5365, 8.39674, 9.56106],
			"rotation": {"angle": 0, "axis": "y", "origin": [8, 4, 6]},
			"faces": {
				"north": {"uv": [0, 0, 0, 0], "texture": "#2"},
				"east": {"uv": [5, 11, 5.75, 11.25], "texture": "#2"},
				"south": {"uv": [12, 8, 12.5, 8.25], "texture": "#2"},
				"west": {"uv": [11, 5, 11.75, 5.25], "texture": "#2"},
				"up": {"uv": [10, 8.75, 9.5, 8], "texture": "#2"},
				"down": {"uv": [10, 9.5, 9.5, 10.25], "texture": "#2"}
			}
		},
		{
			"name": "lod",
			"from": [7.477, 7.83724, 8.06406],
			"to": [8.5355, 8.52074, 9.24756],
			"rotation": {"angle": -54, "axis": "x", "origin": [8.00625, 8.21024, 9.12456]},
			"faces": {
				"north": {"uv": [6.5, 11, 7, 11.375], "texture": "#2"},
				"east": {"uv": [10.5, 9, 11.125, 9.375], "texture": "#2"},
				"south": {"uv": [9.5, 11, 10, 11.375], "texture": "#2"},
				"west": {"uv": [10.5, 10, 11.125, 10.375], "texture": "#2"},
				"up": {"uv": [4.5, 10.625, 4, 10], "texture": "#2"},
				"down": {"uv": [3.5, 10.5, 3, 11.125], "texture": "#2"}
			}
		},
		{
			"name": "lod",
			"from": [7.7875, 9.02274, 8.49956],
			"to": [8.225, 9.52274, 9.68706],
			"rotation": {"angle": -45, "axis": "x", "origin": [8.00625, 9.33524, 9.56206]},
			"faces": {
				"north": {"uv": [0, 0, 0, 0], "texture": "#2"},
				"east": {"uv": [10.5, 11, 11.125, 11.25], "texture": "#2"},
				"south": {"uv": [13, 1, 13.25, 1.25], "texture": "#2"},
				"west": {"uv": [11.5, 1, 12.125, 1.25], "texture": "#2"},
				"up": {"uv": [4.25, 12.125, 4, 11.5], "texture": "#2"},
				"down": {"uv": [7.75, 11.5, 7.5, 12.125], "texture": "#2"}
			}
		},
		{
			"name": "lod",
			"from": [7.7865, 8.88693, 9.34545],
			"to": [8.226, 9.20143, 10.15995],
			"rotation": {"angle": 11, "axis": "x", "origin": [8.00625, 8.91918, 9.7527]},
			"faces": {
				"north": {"uv": [0, 0, 0, 0], "texture": "#2"},
				"east": {"uv": [3.5, 13, 3.875, 13.125], "texture": "#2"},
				"south": {"uv": [13, 10, 13.25, 10.125], "texture": "#2"},
				"west": {"uv": [13, 4, 13.375, 4.125], "texture": "#2"},
				"up": {"uv": [12.25, 10.375, 12, 10], "texture": "#2"},
				"down": {"uv": [10.75, 12, 10.5, 12.375], "texture": "#2"}
			}
		},
		{
			"name": "lod",
			"from": [7.7865, 8.07214, 9.3068],
			"to": [8.226, 8.38664, 10.1213],
			"rotation": {"angle": 20, "axis": "x", "origin": [8.00625, 8.22939, 9.71405]},
			"faces": {
				"north": {"uv": [0, 0, 0, 0], "texture": "#2"},
				"east": {"uv": [13, 9, 13.375, 9.125], "texture": "#2"},
				"south": {"uv": [13.5, 13, 13.75, 13.125], "texture": "#2"},
				"west": {"uv": [9.5, 13, 9.875, 13.125], "texture": "#2"},
				"up": {"uv": [12.75, 12.375, 12.5, 12], "texture": "#2"},
				"down": {"uv": [0.25, 13, 0, 13.375], "texture": "#2"}
			}
		},
		{
			"name": "lod",
			"from": [7.474, 8.124, 2.0615],
			"to": [8.5385, 8.751, 9.126],
			"rotation": {"angle": 0, "axis": "y", "origin": [8, 4, 6]},
			"faces": {
				"north": {"uv": [11, 3, 11.5, 3.375], "texture": "#2"},
				"east": {"uv": [5, 5, 8.5, 5.375], "texture": "#2"},
				"south": {"uv": [11, 4, 11.5, 4.375], "texture": "#2"},
				"west": {"uv": [5, 6, 8.5, 6.375], "texture": "#2"},
				"up": {"uv": [3.5, 6.5, 3, 3], "texture": "#2"},
				"down": {"uv": [4.5, 0, 4, 3.5], "texture": "#2"}
			}
		},
		{
			"name": "lod",
			"from": [8, 6.75, 4.1875],
			"to": [8, 8.125, 6.5625],
			"rotation": {"angle": 0, "axis": "y", "origin": [8, 4, 6]},
			"faces": {
				"north": {"uv": [0, 0, 0, 0], "texture": "#2"},
				"east": {"uv": [9, 3, 10.25, 3.75], "texture": "#2"},
				"south": {"uv": [0, 0, 0, 0], "texture": "#2"},
				"west": {"uv": [9, 4.5, 10.25, 5.25], "texture": "#2"},
				"up": {"uv": [0, 0, 0, 0], "texture": "#2"},
				"down": {"uv": [0, 0, 0, 0], "texture": "#2"}
			}
		},
		{
			"name": "lod",
			"from": [7.474, 3.71842, 8.06378],
			"to": [8.5385, 4.23736, 10.69497],
			"rotation": {"angle": -12, "axis": "x", "origin": [8.00625, 1.21942, 8.22103]},
			"faces": {
				"north": {"uv": [5, 12, 5.5, 12.25], "texture": "#2"},
				"east": {"uv": [0, 10, 1.375, 10.25], "texture": "#2"},
				"south": {"uv": [6, 12, 6.5, 12.25], "texture": "#2"},
				"west": {"uv": [10, 0, 11.375, 0.25], "texture": "#2"},
				"up": {"uv": [5.5, 10.375, 5, 9], "texture": "#2"},
				"down": {"uv": [6.5, 9, 6, 10.375], "texture": "#2"}
			}
		},
		{
			"name": "lod",
			"from": [7.4115, 9.0615, 0.0615],
			"to": [8.601, 9.6885, 8.876],
			"rotation": {"angle": 0, "axis": "y", "origin": [8, 4, 6]},
			"faces": {
				"north": {"uv": [8, 10.5, 8.625, 10.875], "texture": "#2"},
				"east": {"uv": [5, 0, 9.375, 0.375], "texture": "#2"},
				"south": {"uv": [10.5, 8, 11.125, 8.375], "texture": "#2"},
				"west": {"uv": [5, 1, 9.375, 1.375], "texture": "#2"},
				"up": {"uv": [0, 0, 0, 0], "texture": "#2"},
				"down": {"uv": [0, 0, 0, 0], "texture": "#2"}
			}
		},
		{
			"name": "lod",
			"from": [7.65146, 9.0615, -0.0635],
			"to": [8.40346, 9.8135, 0.0635],
			"rotation": {"angle": 45, "axis": "z", "origin": [7.93371, 9.4375, 0]},
			"faces": {
				"north": {"uv": [12, 3, 12.375, 3.375], "texture": "#2"},
				"east": {"uv": [13, 6, 13.125, 6.375], "texture": "#2"},
				"south": {"uv": [12, 4, 12.375, 4.375], "texture": "#2"},
				"west": {"uv": [6.5, 13, 6.625, 13.375], "texture": "#2"},
				"up": {"uv": [7.875, 13.125, 7.5, 13], "texture": "#2"},
				"down": {"uv": [13.375, 8, 13, 8.125], "texture": "#2"}
			}
		},
		{
			"name": "lod",
			"from": [7.77646, 9.1865, -0.1885],
			"to": [8.27846, 9.6885, -0.0615],
			"rotation": {"angle": 45, "axis": "z", "origin": [7.93371, 9.4375, 0]},
			"faces": {
				"north": {"uv": [13, 3, 13.25, 3.25], "texture": "#2"},
				"east": {"uv": [13.5, 5, 13.625, 5.25], "texture": "#2"},
				"south": {"uv": [0, 0, 0, 0], "texture": "#2"},
				"west": {"uv": [13.5, 7, 13.625, 7.25], "texture": "#2"},
				"up": {"uv": [8.75, 13.625, 8.5, 13.5], "texture": "#2"},
				"down": {"uv": [13.75, 12, 13.5, 12.125], "texture": "#2"}
			}
		},
		{
			"name": "lod",
			"from": [7.6875, 9.875, 8.1875],
			"to": [8.3125, 10.25, 8.375],
			"rotation": {"angle": 0, "axis": "y", "origin": [8, 4, 6]},
			"faces": {
				"north": {"uv": [12, 11, 12.375, 11.25], "texture": "#2"},
				"east": {"uv": [10.5, 13, 10.625, 13.25], "texture": "#2"},
				"south": {"uv": [11.5, 12, 11.875, 12.25], "texture": "#2"},
				"west": {"uv": [13, 11, 13.125, 11.25], "texture": "#2"},
				"up": {"uv": [4.875, 13.125, 4.5, 13], "texture": "#2"},
				"down": {"uv": [0, 0, 0, 0], "texture": "#2"}
			}
		},
		{
			"name": "lod",
			"from": [7.4125, 8.90089, 8.50117],
			"to": [8.6, 9.58839, 9.06367],
			"rotation": {"angle": -26.5, "axis": "x", "origin": [8.00625, 9.24464, 8.78242]},
			"faces": {
				"north": {"uv": [0, 0, 0, 0], "texture": "#2"},
				"east": {"uv": [12, 9, 12.25, 9.375], "texture": "#2"},
				"south": {"uv": [0, 11, 0.625, 11.375], "texture": "#2"},
				"west": {"uv": [9.5, 12, 9.75, 12.375], "texture": "#2"},
				"up": {"uv": [0, 0, 0, 0], "texture": "#2"},
				"down": {"uv": [0.625, 12, 0, 12.25], "texture": "#2"}
			}
		},
		{
			"name": "lod",
			"from": [7.8125, 9.5, 0.0625],
			"to": [8.2025, 10.0825, 8.875],
			"rotation": {"angle": 0, "axis": "y", "origin": [8, 4, 6]},
			"faces": {
				"north": {"uv": [13, 2, 13.25, 2.25], "texture": "#2"},
				"east": {"uv": [0, 0, 0, 0], "texture": "#2"},
				"south": {"uv": [2.5, 13, 2.75, 13.25], "texture": "#2"},
				"west": {"uv": [0, 0, 0, 0], "texture": "#2"},
				"up": {"uv": [2.25, 11.375, 2, 7], "texture": "#2"},
				"down": {"uv": [0, 0, 0, 0], "texture": "#2"}
			}
		},
		{
			"name": "lod",
			"from": [7.4105, 8.748, 6.4355],
			"to": [8.602, 9.6895, 8.1895],
			"rotation": {"angle": 0, "axis": "y", "origin": [8, 4, 6]},
			"faces": {
				"north": {"uv": [0, 0, 0, 0], "texture": "#2"},
				"east": {"uv": [5, 2, 7.875, 2.5], "texture": "#2"},
				"south": {"uv": [10, 1, 10.625, 1.5], "texture": "#2"},
				"west": {"uv": [5, 3, 7.875, 3.5], "texture": "#2"},
				"up": {"uv": [0, 0, 0, 0], "texture": "#2"},
				"down": {"uv": [0, 0, 0, 0], "texture": "#2"}
			}
		},
		{
			"name": "lod",
			"from": [7.4115, 8.749, 2.1865],
			"to": [8.601, 9.0635, 9.1885],
			"rotation": {"angle": 0, "axis": "y", "origin": [8, 4, 6]},
			"faces": {
				"north": {"uv": [13, 0, 13.625, 0.125], "texture": "#2"},
				"east": {"uv": [9, 6, 12.5, 6.125], "texture": "#2"},
				"south": {"uv": [1, 13, 1.625, 13.125], "texture": "#2"},
				"west": {"uv": [9.5, 7, 13, 7.125], "texture": "#2"},
				"up": {"uv": [0.625, 6.5, 0, 3], "texture": "#2"},
				"down": {"uv": [2.125, 3, 1.5, 6.5], "texture": "#2"}
			}
		}
	],
	"gui_light": "front",
	"display": {
		"thirdperson_righthand": {
			"rotation": [0, -12.5, 0],
			"translation": [0, 0, 2]
		},
		"thirdperson_lefthand": {
			"translation": [0, 0, -0.75],
			"scale": [0.5, 0.5, 0.5]
		},
		"firstperson_righthand": {
			"rotation": [8.17, -3.64, 7.16],
			"translation": [5.5, -3, -15.5],
			"scale": [1.2, 1.2, 1.2]
		},
		"firstperson_lefthand": {
			"rotation": [8.17, -3.64, 7.16],
			"translation": [5.5, -3, -15.5],
			"scale": [1.2, 1.2, 1.2]
		},
		"ground": {
			"translation": [0, 3.75, 0],
			"scale": [0.5, 0.5, 0.5]
		},
		"gui": {
			"rotation": [-155, -45, 180],
			"translation": [0.25, -1, 0]
		},
		"fixed": {
			"rotation": [0, 90, 0]
		}
	},
	"groups": [
		{
			"name": "positioning",
			"origin": [-8, -1, -1],
			"color": 0,
			"children": [
				{
					"name": "thirdperson_hand",
					"origin": [0, 3.95, -0.025],
					"color": 1,
					"children": []
				},
				{
					"name": "ground",
					"origin": [0, -3.9, -1.1],
					"color": 2,
					"children": []
				},
				{
					"name": "fixed",
					"origin": [-0.625, 4.9, -0.725],
					"rotation": [0, -90, 0],
					"color": 3,
					"children": []
				},
				{
					"name": "muzzle_flash",
					"origin": [0, 5.49375, -6.225],
					"color": 4,
					"children": []
				},
				{
					"name": "shell",
					"origin": [0, 5.55, 0.625],
					"color": 5,
					"children": []
				}
			]
		},
		{
			"name": "lod",
			"origin": [-1.025, -16.875, -7],
			"color": 6,
			"children": [0, 1, 2, 3, 4, 5, 6, 7, 8, 9, 10, 11, 12, 13, 14, 15, 16, 17, 18, 19, 20]
		}
	]
}