{
	"credit": "Made with Blockbench",
	"texture_size": [32, 32],
	"textures": {
		"1": "pillagers_gun:item/shotgun",
		"particle": "pillagers_gun:item/shotgun"
	},
	"elements": [
		{
			"name": "lod",
			"from": [7.25, 3.375, -0.75],
			"to": [8.75, 5.625, 6.5],
			"rotation": {"angle": 0, "axis": "y", "origin": [8, -4, 1]},
			"faces": {
				"north": {"uv": [9, 10, 9.375, 10.625], "texture": "#1"},
				"east": {"uv": [3, 1, 4.875, 1.625], "texture": "#1"},
				"south": {"uv": [9.75, 10, 10.125, 10.625], "texture": "#1"},
				"west": {"uv": [3.5, 3, 5.375, 3.625], "texture": "#1"},
				"up": {"uv": [6.875, 7.625, 6.5, 5.75], "texture": "#1"},
				"down": {"uv": [2.875, 7, 2.5, 8.875], "texture": "#1"}
			}
		},
		{
			"name": "lod",
			"from": [7.6625, 2.5625, -13.625],
			"to": [8.3375, 3.16421, -4.875],
			"rotation": {"angle": 0, "axis": "y", "origin": [8, -4, 1]},
			"faces": {
				"north": {"uv": [4.75, 12.5, 4.875, 12.625], "texture": "#1"},
				"east": {"uv": [10, 1.25, 12.25, 1.375], "texture": "#1"},
				"south": {"uv": [5.25, 12.5, 5.375, 12.625], "texture": "#1"},
				"west": {"uv": [10, 6.5, 12.25, 6.625], "texture": "#1"},
				"up": {"uv": [0.125, 12, 0, 9.75], "texture": "#1"},
				"down": {"uv": [0.625, 9.75, 0.5, 12], "texture": "#1"}
			}
		},
		{
			"name": "lod",
			"from": [6.999, 3.22571, -13.626],
			"to": [9.001, 4.54021, -4.874],
			"rotation": {"angle": 0, "axis": "y", "origin": [8, -4, 1]},
			"faces": {
				"north": {"uv": [11, 1.75, 11.5, 2.125], "texture": "#1"},
				"east": {"uv": [5, 5, 7.25, 5.375], "texture": "#1"},
				"south": {"uv": [2, 11, 2.5, 11.375], "texture": "#1"},
				"west": {"uv": [5.25, 1, 7.5, 1.375], "texture": "#1"},
				"up": {"uv": [1.5, 6.25, 1, 4], "texture": "#1"},
				"down": {"uv": [2.25, 4, 1.75, 6.25], "texture": "#1"}
			}
		},
		{
			"name": "lod",
			"from": [7.58016, 2.63859, -13.625],
			"to": [8.99437, 4.0528, -4.875],
			"rotation": {"angle": -45, "axis": "z", "origin": [8, 3.63296, -9.25]},
			"faces": {
				"north": {"uv": [10.25, 11.5, 10.625, 11.875], "texture": "#1"},
				"east": {"uv": [5.5, 0, 7.75, 0.375], "texture": "#1"},
				"south": {"uv": [11, 11.5, 11.375, 11.875], "texture": "#1"},
				"west": {"uv": [5.75, 1.75, 8, 2.125], "texture": "#1"},
				"up": {"uv": [5.375, 8, 5, 5.75], "texture": "#1"},
				"down": {"uv": [6.125, 5.75, 5.75, 8], "texture": "#1"}
			}
		},
		{
			"name": "lod",
			"from": [7.5625, 4.6875, -15],
			"to": [8.4375, 5.5625, 6.6875],
			"rotation": {"angle": -45, "axis": "z", "origin": [8, 5.125, -13.125]},
			"faces": {
				"north": {"uv": [7.75, 1.25, 8, 1.5], "texture": "#1"},
				"east": {"uv": [0, 2, 5.375, 2.25], "texture": "#1"},
				"south": {"uv": [8.25, 2, 8.5, 2.25], "texture": "#1"},
				"west": {"uv": [0, 2.5, 5.375, 2.75], "texture": "#1"},
				"up": {"uv": [0.25, 8.375, 0, 3], "texture": "#1"},
				"down": {"uv": [0.75, 3, 0.5, 8.375], "texture": "#1"}
			}
		},
		{
			"name": "lod",
			"from": [7.5625, 3.1875, -15],
			"to": [8.4375, 4.0625, -0.3125],
			"rotation": {"angle": -45, "axis": "z", "origin": [8, 3.625, -13.125]},
			"faces": {
				"north": {"uv": [6, 10.5, 6.25, 10.75], "texture": "#1"},
				"east": {"uv": [4, 4, 7.625, 4.25], "texture": "#1"},
				"south": {"uv": [7.5, 11.75, 7.75, 12], "texture": "#1"},
				"west": {"uv": [4, 4.5, 7.625, 4.75], "texture": "#1"},
				"up": {"uv": [4.25, 8.625, 4, 5], "texture": "#1"},
				"down": {"uv": [4.75, 5, 4.5, 8.625], "texture": "#1"}
			}
		},
		{
			"name": "lod",
			"from": [8, 1.625, 3.8125],
			"to": [8, 3, 8.625],
			"rotation": {"angle": 0, "axis": "y", "origin": [8, -4, 1]},
			"faces": {
				"north": {"uv": [3.75, 7, 3.75, 7.375], "texture": "#1"},
				"east": {"uv": [8.75, 2, 10, 2.375], "texture": "#1"},
				"south": {"uv": [7.5, 5, 7.5, 5.375], "texture": "#1"},
				"west": {"uv": [8.75, 2.75, 10, 3.125], "texture": "#1"},
				"up": {"uv": [7.5, 10, 7.5, 8.75], "texture": "#1"},
				"down": {"uv": [4.75, 9, 4.75, 10.25], "texture": "#1"}
			}
		},
		{
			"name": "lod",
			"from": [7.25, 3.375, 6.5],
			"to": [8.75, 4.78788, 8.52099],
			"rotation": {"angle": 0, "axis": "y", "origin": [8, -4, 1]},
			"faces": {
				"north": {"uv": [11.75, 1.75, 12.125, 2.125], "texture": "#1"},
				"east": {"uv": [2.75, 11, 3.25, 11.375], "texture": "#1"},
				"south": {"uv": [2, 11.75, 2.375, 12.125], "texture": "#1"},
				"west": {"uv": [3.5, 11, 4, 11.375], "texture": "#1"},
				"up": {"uv": [4.625, 11.5, 4.25, 11], "texture": "#1"},
				"down": {"uv": [11.375, 4.5, 11, 5], "texture": "#1"}
			}
		},
		{
			"name": "lod",
			"from": [7.249, 1.1509, 15.8945],
			"to": [8.751, 3.69257, 24.40674],
			"rotation": {"angle": 22.5, "axis": "x", "origin": [8, 3.12065, 15.42675]},
			"faces": {
				"north": {"uv": [10.25, 1.75, 10.625, 2.375], "texture": "#1"},
				"east": {"uv": [3, 0, 5.125, 0.625], "texture": "#1"},
				"south": {"uv": [8.25, 10.25, 8.625, 10.875], "texture": "#1"},
				"west": {"uv": [1, 3, 3.125, 3.625], "texture": "#1"},
				"up": {"uv": [1.375, 8.625, 1, 6.5], "texture": "#1"},
				"down": {"uv": [2.125, 6.5, 1.75, 8.625], "texture": "#1"}
			}
		},
		{
			"name": "lod",
			"from": [7.25, 0.70543, 13.63939],
			"to": [8.75, 3.33043, 24.07689],
			"rotation": {"angle": 5, "axis": "x", "origin": [8, 2.01793, 18.35814]},
			"faces": {
				"north": {"uv": [10.5, 10, 10.875, 10.625], "texture": "#1"},
				"east": {"uv": [0, 0, 2.625, 0.625], "texture": "#1"},
				"south": {"uv": [10.75, 5.5, 11.125, 6.125], "texture": "#1"},
				"west": {"uv": [0, 1, 2.625, 1.625], "texture": "#1"},
				"up": {"uv": [2.875, 6.625, 2.5, 4], "texture": "#1"},
				"down": {"uv": [3.625, 4, 3.25, 6.625], "texture": "#1"}
			}
		},
		{
			"name": "lod",
			"from": [7.25, 2.76793, 11.95189],
			"to": [8.75, 3.33043, 13.76439],
			"rotation": {"angle": 0, "axis": "y", "origin": [8, -4, 1]},
			"faces": {
				"north": {"uv": [12.25, 10.5, 12.625, 10.625], "texture": "#1"},
				"east": {"uv": [11.75, 11.5, 12.25, 11.625], "texture": "#1"},
				"south": {"uv": [10.75, 12.25, 11.125, 12.375], "texture": "#1"},
				"west": {"uv": [12, 5.25, 12.5, 5.375], "texture": "#1"},
				"up": {"uv": [5.375, 11.5, 5, 11], "texture": "#1"},
				"down": {"uv": [6.125, 11, 5.75, 11.5], "texture": "#1"}
			}
		},
		{
			"name": "lod",
			"from": [7.25, 2.97442, 11.55815],
			"to": [8.75, 3.53692, 13.80815],
			"rotation": {"angle": -10, "axis": "x", "origin": [8, 3.47931, 12.79088]},
			"faces": {
				"north": {"uv": [12.25, 11, 12.625, 11.125], "texture": "#1"},
				"east": {"uv": [12, 5.75, 12.5, 5.875], "texture": "#1"},
				"south": {"uv": [12.25, 12, 12.625, 12.125], "texture": "#1"},
				"west": {"uv": [12, 7, 12.5, 7.125], "texture": "#1"},
				"up": {"uv": [6.875, 11.5, 6.5, 11], "texture": "#1"},
				"down": {"uv": [9.375, 11, 9, 11.5], "texture": "#1"}
			}
		},
		{
			"name": "lod",
			"from": [7.248, 2.32843, 12.13739],
			"to": [8.752, 5.33243, 14.89139],
			"rotation": {"angle": -22.5, "axis": "x", "origin": [8, 2.01793, 18.35814]},
			"faces": {
				"north": {"uv": [3, 10, 3.375, 10.75], "texture": "#1"},
				"east": {"uv": [0, 8.75, 0.625, 9.5], "texture": "#1"},
				"south": {"uv": [10, 7, 10.375, 7.75], "texture": "#1"},
				"west": {"uv": [8.75, 3.5, 9.375, 4.25], "texture": "#1"},
				"up": {"uv": [11.125, 7.625, 10.75, 7], "texture": "#1"},
				"down": {"uv": [7.875, 10.75, 7.5, 11.375], "texture": "#1"}
			}
		},
		{
			"name": "lod",
			"from": [7.249, 3.2134, 6.0195],
			"to": [7.249, 4.5279, 12.0215],
			"rotation": {"angle": 22.5, "axis": "x", "origin": [8, 3.87065, 9.0205]},
			"faces": {
				"north": {"uv": [3.125, 11.75, 3.125, 12.125], "texture": "#1"},
				"east": {"uv": [8, 0, 9.5, 0.375], "texture": "#1"},
				"south": {"uv": [3.5, 11.75, 3.5, 12.125], "texture": "#1"},
				"west": {"uv": [8.25, 1.25, 9.75, 1.625], "texture": "#1"},
				"up": {"uv": [8.625, 8.25, 8.625, 6.75], "texture": "#1"},
				"down": {"uv": [8.625, 8.5, 8.625, 10], "texture": "#1"}
			}
		},
		{
			"name": "lod",
			"from": [7.249, 3.2134, 6.0195],
			"to": [8.751, 4.5279, 12.0215],
			"rotation": {"angle": 22.5, "axis": "x", "origin": [8, 3.87065, 9.0205]},
			"faces": {
				"north": {"uv": [2.75, 11.75, 3.125, 12.125], "texture": "#1"},
				"east": {"uv": [8, 0, 9.5, 0.375], "texture": "#1"},
				"south": {"uv": [3.5, 11.75, 3.875, 12.125], "texture": "#1"},
				"west": {"uv": [8.25, 1.25, 9.75, 1.625], "texture": "#1"},
				"up": {"uv": [8.625, 8.25, 8.25, 6.75], "texture": "#1"},
				"down": {"uv": [8.625, 8.5, 8.25, 10], "texture": "#1"}
			}
		},
		{
			"name": "lod",
			"from": [7.82583, 5.42417, -0.75],
			"to": [8.88649, 6.48483, 6.5625],
			"rotation": {"angle": 45, "axis": "z", "origin": [8.57583, 5.35983, 2.875]},
			"faces": {
				"north": {"uv": [12, 7.5, 12.25, 7.75], "texture": "#1"},
				"east": {"uv": [8.84698, 4.5, 10.625, 4.75], "texture": "#1"},
				"south": {"uv": [12, 9.5, 12.25, 9.75], "texture": "#1"},
				"west": {"uv": [8.75, 5, 10.52802, 5.25], "texture": "#1"},
				"up": {"uv": [6.25, 10.125, 6, 8.34698], "texture": "#1"},
				"down": {"uv": [7.25, 8.84698, 7, 10.625], "texture": "#1"}
			}
		},
		{
			"name": "lod",
			"from": [7.625, 5.625, -0.75],
			"to": [8.375, 6, 6.5625],
			"rotation": {"angle": 0, "axis": "y", "origin": [8, -4, 1]},
			"faces": {
				"north": {"uv": [12.5, 0.5, 12.75, 0.625], "texture": "#1"},
				"east": {"uv": [10, 8, 11.875, 8.125], "texture": "#1"},
				"south": {"uv": [12.5, 1, 12.75, 1.125], "texture": "#1"},
				"west": {"uv": [10.25, 2.75, 12.125, 2.875], "texture": "#1"},
				"up": {"uv": [1.25, 10.875, 1, 9], "texture": "#1"},
				"down": {"uv": [1.75, 9, 1.5, 10.875], "texture": "#1"}
			}
		},
		{
			"name": "lod",
			"from": [7.40338, 2.68463, -2.75],
			"to": [8.46404, 3.74529, 6.5],
			"rotation": {"angle": 180, "axis": "x", "origin": [8, 3.28125, 2.875]},
			"rotated": [180, 0, -45],
			"faces": {
				"north": {"uv": [11.75, 12, 12, 12.25], "texture": "#1"},
				"east": {"uv": [5.75, 3.5, 8.125, 3.75], "texture": "#1"},
				"south": {"uv": [0, 12.25, 0.25, 12.5], "texture": "#1"},
				"west": {"uv": [7.75, 0.75, 10.125, 1], "texture": "#1"},
				"up": {"uv": [8, 10.375, 7.75, 8], "texture": "#1"},
				"down": {"uv": [8.5, 4, 8.25, 6.375], "texture": "#1"}
			}
		},
		{
			"name": "lod",
			"from": [7.625, 3.1875, -2.75],
			"to": [8.375, 3.5625, 6.5],
			"rotation": {"angle": -180, "axis": "x", "origin": [8, 3.28125, 2.875]},
			"faces": {
				"north": {"uv": [12.5, 1.5, 12.75, 1.625], "texture": "#1"},
				"east": {"uv": [9.75, 3.5, 12.125, 3.625], "texture": "#1"},
				"south": {"uv": [2, 12.5, 2.25, 12.625], "texture": "#1"},
				"west": {"uv": [9.75, 4, 12.125, 4.125], "texture": "#1"},
				"up": {"uv": [5.25, 10.625, 5, 8.25], "texture": "#1"},
				"down": {"uv": [5.75, 8.25, 5.5, 10.625], "texture": "#1"}
			}
		},
		{
			"name": "lod",
			"from": [7.40438, 2.91854, 13.76712],
			"to": [8.46304, 3.9772, 24.20262],
			"rotation": {"angle": 3.54002, "axis": "x", "origin": [8, 3.51416, 17.39112]},
			"rotated": [3.54002, -3.53329, 44.89078],
			"faces": {
				"north": {"uv": [0.5, 12.25, 0.75, 12.5], "texture": "#1"},
				"east": {"uv": [5.75, 2.5, 8.375, 2.75], "texture": "#1"},
				"south": {"uv": [4.25, 12.25, 4.5, 12.5], "texture": "#1"},
				"west": {"uv": [5.75, 3, 8.375, 3.25], "texture": "#1"},
				"up": {"uv": [3.5, 9.625, 3.25, 7], "texture": "#1"},
				"down": {"uv": [7.5, 5.75, 7.25, 8.375], "texture": "#1"}
			}
		},
		{
			"name": "lod",
			"from": [7.625, 3.42041, 13.76612],
			"to": [8.375, 3.79541, 24.20362],
			"rotation": {"angle": 5, "axis": "x", "origin": [8, 3.51416, 17.39112]},
			"faces": {
				"north": {"uv": [12.5, 2, 12.75, 2.125], "texture": "#1"},
				"east": {"uv": [9, 9.5, 11.625, 9.625], "texture": "#1"},
				"south": {"uv": [2.5, 12.5, 2.75, 12.625], "texture": "#1"},
				"west": {"uv": [9.75, 0, 12.375, 0.125], "texture": "#1"},
				"up": {"uv": [8, 7.625, 7.75, 5], "texture": "#1"},
				"down": {"uv": [6.75, 8, 6.5, 10.625], "texture": "#1"}
			}
		},
		{
			"name": "lod",
			"from": [7.5104, 2.98971, 11.55815],
			"to": [8.57106, 4.05037, 13.99565],
			"rotation": {"angle": -7.10708, "axis": "x", "origin": [8, 3.47931, 12.79088]},
			"rotated": [-7.10708, 7.05302, 44.56145],
			"faces": {
				"north": {"uv": [12.25, 4.5, 12.5, 4.75], "texture": "#1"},
				"east": {"uv": [11.25, 10, 11.875, 10.25], "texture": "#1"},
				"south": {"uv": [6.5, 12.25, 6.75, 12.5], "texture": "#1"},
				"west": {"uv": [11.25, 10.5, 11.875, 10.75], "texture": "#1"},
				"up": {"uv": [8.5, 11.875, 8.25, 11.25], "texture": "#1"},
				"down": {"uv": [11.75, 5.25, 11.5, 5.875], "texture": "#1"}
			}
		},
		{
			"name": "lod",
			"from": [7.625, 3.53692, 11.55815],
			"to": [8.375, 3.91192, 13.99565],
			"rotation": {"angle": -10, "axis": "x", "origin": [8, 3.47931, 12.79088]},
			"faces": {
				"north": {"uv": [12.5, 2.5, 12.75, 2.625], "texture": "#1"},
				"east": {"uv": [6.5, 11.75, 7.125, 11.875], "texture": "#1"},
				"south": {"uv": [3, 12.5, 3.25, 12.625], "texture": "#1"},
				"west": {"uv": [8.75, 11.75, 9.375, 11.875], "texture": "#1"},
				"up": {"uv": [11.75, 7.625, 11.5, 7], "texture": "#1"},
				"down": {"uv": [10, 11.5, 9.75, 12.125], "texture": "#1"}
			}
		},
		{
			"name": "lod",
			"from": [7.3644, 2.84371, 11.95189],
			"to": [8.42506, 3.90437, 13.76439],
			"rotation": {"angle": 45, "axis": "z", "origin": [8, 3.47931, 12.79088]},
			"faces": {
				"north": {"uv": [7, 12.25, 7.25, 12.5], "texture": "#1"},
				"east": {"uv": [11.5, 11, 12, 11.25], "texture": "#1"},
				"south": {"uv": [7.5, 12.25, 7.75, 12.5], "texture": "#1"},
				"west": {"uv": [4.25, 11.75, 4.75, 12], "texture": "#1"},
				"up": {"uv": [12, 5, 11.75, 4.5], "texture": "#1"},
				"down": {"uv": [5.25, 11.75, 5, 12.25], "texture": "#1"}
			}
		},
		{
			"name": "lod",
			"from": [7.625, 3.33043, 11.95189],
			"to": [8.375, 3.70543, 13.76439],
			"rotation": {"angle": 0, "axis": "y", "origin": [8, -4, 1]},
			"faces": {
				"north": {"uv": [12.5, 3, 12.75, 3.125], "texture": "#1"},
				"east": {"uv": [8, 12.25, 8.5, 12.375], "texture": "#1"},
				"south": {"uv": [3.5, 12.5, 3.75, 12.625], "texture": "#1"},
				"west": {"uv": [12.25, 8, 12.75, 8.125], "texture": "#1"},
				"up": {"uv": [5.75, 12.25, 5.5, 11.75], "texture": "#1"},
				"down": {"uv": [6.25, 11.75, 6, 12.25], "texture": "#1"}
			}
		},
		{
			"name": "lod",
			"from": [7.40338, 5.6651, 6.5828],
			"to": [8.46404, 6.72576, 12.6453],
			"rotation": {"angle": 16.32495, "axis": "x", "origin": [8, 6.26172, 5.2078]},
			"rotated": [16.32495, -15.69986, 42.73421],
			"faces": {
				"north": {"uv": [8.75, 12.25, 9, 12.5], "texture": "#1"},
				"east": {"uv": [9, 8.5, 10.5, 8.75], "texture": "#1"},
				"south": {"uv": [9.25, 12.25, 9.5, 12.5], "texture": "#1"},
				"west": {"uv": [9, 9, 10.5, 9.25], "texture": "#1"},
				"up": {"uv": [2.75, 10.75, 2.5, 9.25], "texture": "#1"},
				"down": {"uv": [9.75, 6.5, 9.5, 8], "texture": "#1"}
			}
		},
		{
			"name": "lod",
			"from": [7.40338, 2.51511, 5.43491],
			"to": [8.46404, 3.57577, 11.87241],
			"rotation": {"angle": -164.05591, "axis": "x", "origin": [8, 3.11173, 8.82554]},
			"rotated": [-164.05591, 15.36023, -42.83618],
			"faces": {
				"north": {"uv": [12.25, 10, 12.5, 10.25], "texture": "#1"},
				"east": {"uv": [8.75, 5.5, 10.375, 5.75], "texture": "#1"},
				"south": {"uv": [10.25, 12.25, 10.5, 12.5], "texture": "#1"},
				"west": {"uv": [8.75, 6, 10.375, 6.25], "texture": "#1"},
				"up": {"uv": [2.25, 10.625, 2, 9], "texture": "#1"},
				"down": {"uv": [4, 9, 3.75, 10.625], "texture": "#1"}
			}
		},
		{
			"name": "lod",
			"from": [7.625, 6.16797, 6.55954],
			"to": [8.375, 6.53834, 12.4578],
			"rotation": {"angle": 22.5, "axis": "x", "origin": [8, 6.26172, 5.2078]},
			"faces": {
				"north": {"uv": [5.75, 12.5, 5.875, 12.625], "texture": "#1"},
				"east": {"uv": [10.75, 9, 12.25, 9.125], "texture": "#1"},
				"south": {"uv": [12.5, 6.25, 12.625, 6.375], "texture": "#1"},
				"west": {"uv": [9.75, 11, 11.25, 11.125], "texture": "#1"},
				"up": {"uv": [1.125, 12.75, 1, 11.25], "texture": "#1"},
				"down": {"uv": [1.625, 11.25, 1.5, 12.75], "texture": "#1"}
			}
		},
		{
			"name": "lod",
			"from": [7.625, 3.01798, 5.43491],
			"to": [8.375, 3.39298, 11.68491],
			"rotation": {"angle": -158, "axis": "x", "origin": [8, 3.11173, 8.82554]},
			"faces": {
				"north": {"uv": [12.5, 3.5, 12.75, 3.625], "texture": "#1"},
				"east": {"uv": [10.5, 0.5, 12.125, 0.625], "texture": "#1"},
				"south": {"uv": [12.5, 4, 12.75, 4.125], "texture": "#1"},
				"west": {"uv": [10.75, 8.5, 12.375, 8.625], "texture": "#1"},
				"up": {"uv": [4.5, 10.625, 4.25, 9], "texture": "#1"},
				"down": {"uv": [9.25, 6.5, 9, 8.125], "texture": "#1"}
			}
		}
	],
	"gui_light": "front",
	"display": {
		"thirdperson_righthand": {
			"rotation": [0, -12.5, 0],
			"translation": [0.25, 3.25, 1.5],
			"scale": [0.7, 0.7, 0.7]
		},
		"thirdperson_lefthand": {
			"translation": [0, 3.25, -1.75],
			"scale": [0.7, 0.7, 0.7]
		},
		"firstperson_righthand": {
			"rotation": [4.36, -2.93, 6.37],
			"translation": [8.25, 1, -19.25],
			"scale": [1.5, 1.5, 1.5]
		},
		"firstperson_lefthand": {
			"rotation": [4.36, -2.93, 6.37],
			"translation": [8.25, 1, -19.25],
			"scale": [1.5, 1.5, 1.5]
		},
		"ground": {
			"translation": [0, 8, 0]
		},
		"gui": {
			"rotation": [-155, -45, 180],
			"translation": [0, 1.75, 0],
			"scale": [0.5, 0.5, 0.5]
		},
		"fixed": {
			"rotation": [0, 90, 0],
			"translation": [0, 6, -0.75],
			"scale": [1.5, 1.5, 1.5]
		}
	},
	"groups": [
		{
			"name": "positioning",
			"origin": [0, 0, 0],
			"color": 0,
			"children": [
				{
					"name": "fixed",
					"origin": [-1.35, 8.275, -0.05],
					"rotation": [0, -90, 0],
					"color": 1,
					"children": []
				},
				{
					"name": "ground",
					"origin": [0, -4, 2],
					"color": 2,
					"children": []
				},
				{
					"name": "thirdperson_hand",
					"origin": [0, 6.825, 5.425],
					"color": 3,
					"children": []
				},
				{
					"name": "muzzle_flash",
					"origin": [-0.0125, 9.125, -23.5],
					"color": 4,
					"children": []
				},
				{
					"name": "shell",
					"origin": [0, 9, 0.7],
					"color": 5,
					"children": []
				}
			]
		},
		{
			"name": "lod",
			"origin": [0, 10, 0],
			"color": 6,
			"children": [0, 1, 2, 3, 4, 5, 6, 7, 8, 9, 10, 11, 12, 13, 14, 15, 16, 17, 18, 19, 20, 21, 22, 23, 24, 25, 26, 27, 28]
		}
	]
}