{
	"credit": "Made with Blockbench",
	"texture_size": [64, 64],
	"textures": {
		"1": "pillagers_gun:item/snipers_rifle",
		"2": "pillagers_gun:item/scope",
		"particle": "pillagers_gun:item/scope"
	},
	"elements": [
		{
			"name": "lod",
			"from": [7.1875, 5.625, -12.25],
			"to": [8.8125, 7.5625, 1.5],
			"rotation": {"angle": 0, "axis": "y", "origin": [8, 0, 0]},
			"faces": {
				"north": {"uv": [6.25, 5.875, 6.4375, 6.125], "texture": "#1"},
				"east": {"uv": [0, 0, 1.75, 0.25], "texture": "#1"},
				"south": {"uv": [6.25, 6.25, 6.4375, 6.5], "texture": "#1"},
				"west": {"uv": [0, 0.375, 1.75, 0.625], "texture": "#1"},
				"up": {"uv": [0.1875, 2.5, 0, 0.75], "texture": "#1"},
				"down": {"uv": [0.5625, 0.75, 0.375, 2.5], "texture": "#1"}
			}
		},
		{
			"name": "lod",
			"from": [6.6875, 6.125, -11.75],
			"to": [9.3125, 7.125, -7.5],
			"rotation": {"angle": 0, "axis": "y", "origin": [8, 0, 0]},
			"faces": {
				"north": {"uv": [6.625, 6.125, 6.9375, 6.25], "texture": "#1"},
				"east": {"uv": [5, 2.625, 5.5625, 2.75], "texture": "#1"},
				"south": {"uv": [6.625, 6.375, 6.9375, 6.5], "texture": "#1"},
				"west": {"uv": [5, 2.875, 5.5625, 3], "texture": "#1"},
				"up": {"uv": [3.4375, 3.8125, 3.125, 3.25], "texture": "#1"},
				"down": {"uv": [3.6875, 1.25, 3.375, 1.8125], "texture": "#1"}
			}
		},
		{
			"name": "lod",
			"from": [7.499, 7.999, -12.251],
			"to": [8.501, 8.3135, 1.501],
			"rotation": {"angle": 0, "axis": "y", "origin": [8, 0, 0]},
			"faces": {
				"north": {"uv": [4.5, 7.75, 4.625, 7.8125], "texture": "#1"},
				"east": {"uv": [4, 3.5, 5.75, 3.5625], "texture": "#1"},
				"south": {"uv": [7.75, 5.125, 7.875, 5.1875], "texture": "#1"},
				"west": {"uv": [4.125, 3.75, 5.875, 3.8125], "texture": "#1"},
				"up": {"uv": [3, 4, 2.875, 2.25], "texture": "#1"},
				"down": {"uv": [1.625, 3.125, 1.5, 4.875], "texture": "#1"}
			}
		},
		{
			"name": "lod",
			"from": [7.499, 5.3115, -12.251],
			"to": [8.501, 5.626, 1.501],
			"rotation": {"angle": 0, "axis": "y", "origin": [8, 0, 0]},
			"faces": {
				"north": {"uv": [7.75, 6.625, 7.875, 6.6875], "texture": "#1"},
				"east": {"uv": [4.25, 1.875, 6, 1.9375], "texture": "#1"},
				"south": {"uv": [7.875, 0.25, 8, 0.3125], "texture": "#1"},
				"west": {"uv": [4.375, 2.125, 6.125, 2.1875], "texture": "#1"},
				"up": {"uv": [0.75, 5, 0.625, 3.25], "texture": "#1"},
				"down": {"uv": [1, 3.25, 0.875, 5], "texture": "#1"}
			}
		},
		{
			"name": "lod",
			"from": [7.374, 5.249, -11.126],
			"to": [8.626, 5.5635, -7.374],
			"rotation": {"angle": 0, "axis": "y", "origin": [8, 0, 0]},
			"faces": {
				"north": {"uv": [7.75, 4.875, 7.9375, 4.9375], "texture": "#1"},
				"east": {"uv": [5, 7.125, 5.5, 7.1875], "texture": "#1"},
				"south": {"uv": [5, 7.75, 5.1875, 7.8125], "texture": "#1"},
				"west": {"uv": [7.125, 5.125, 7.625, 5.1875], "texture": "#1"},
				"up": {"uv": [2.9375, 5.125, 2.75, 4.625], "texture": "#1"},
				"down": {"uv": [1.3125, 4.75, 1.125, 5.25], "texture": "#1"}
			}
		},
		{
			"name": "lod",
			"from": [7.624, 4.6865, -10.626],
			"to": [8.376, 5.251, -7.874],
			"rotation": {"angle": 0, "axis": "y", "origin": [8, 0, 0]},
			"faces": {
				"north": {"uv": [7.875, 1.25, 8, 1.3125], "texture": "#1"},
				"east": {"uv": [7.5, 3.625, 7.875, 3.6875], "texture": "#1"},
				"south": {"uv": [1.375, 7.875, 1.5, 7.9375], "texture": "#1"},
				"west": {"uv": [7.5, 3.875, 7.875, 3.9375], "texture": "#1"},
				"up": {"uv": [6.625, 2.5, 6.5, 2.125], "texture": "#1"},
				"down": {"uv": [2.5, 6.5, 2.375, 6.875], "texture": "#1"}
			}
		},
		{
			"name": "lod",
			"from": [7.124, 3.5615, -9.876],
			"to": [8.876, 4.6885, -8.624],
			"rotation": {"angle": 0, "axis": "y", "origin": [8, 0, 0]},
			"faces": {
				"north": {"uv": [7.125, 5.375, 7.375, 5.5], "texture": "#1"},
				"east": {"uv": [2.625, 7.5, 2.8125, 7.625], "texture": "#1"},
				"south": {"uv": [5.625, 7.125, 5.875, 7.25], "texture": "#1"},
				"west": {"uv": [7.5, 5.375, 7.6875, 5.5], "texture": "#1"},
				"up": {"uv": [2.875, 6.6875, 2.625, 6.5], "texture": "#1"},
				"down": {"uv": [3.875, 6.5, 3.625, 6.6875], "texture": "#1"}
			}
		},
		{
			"name": "lod",
			"from": [7.5, 6, 11.1875],
			"to": [8.5, 6.4375, 14.625],
			"rotation": {"angle": 0, "axis": "y", "origin": [8, 0, 0]},
			"faces": {
				"north": {"uv": [0.5, 7.875, 0.625, 7.9375], "texture": "#1"},
				"east": {"uv": [7.25, 1, 7.6875, 1.0625], "texture": "#1"},
				"south": {"uv": [7.875, 0.5, 8, 0.5625], "texture": "#1"},
				"west": {"uv": [7.25, 1.25, 7.6875, 1.3125], "texture": "#1"},
				"up": {"uv": [3.5, 6.6875, 3.375, 6.25], "texture": "#1"},
				"down": {"uv": [6.375, 4.25, 6.25, 4.6875], "texture": "#1"}
			}
		},
		{
			"name": "lod",
			"from": [7.375, 7.375, 2.375],
			"to": [7.5625, 7.6875, 7.75],
			"rotation": {"angle": 0, "axis": "y", "origin": [8, 0, 0]},
			"faces": {
				"north": {"uv": [8, 0, 8.0625, 0.0625], "texture": "#1"},
				"east": {"uv": [6.5, 4.25, 7.1875, 4.3125], "texture": "#1"},
				"south": {"uv": [0.25, 8, 0.3125, 8.0625], "texture": "#1"},
				"west": {"uv": [6.5, 4.5, 7.1875, 4.5625], "texture": "#1"},
				"up": {"uv": [4.0625, 7.1875, 4, 6.5], "texture": "#1"},
				"down": {"uv": [4.3125, 6.5, 4.25, 7.1875], "texture": "#1"}
			}
		},
		{
			"name": "lod",
			"from": [7.125, 9.8125, 8.9375],
			"to": [8.875, 10.5, 9.625],
			"rotation": {"angle": 45, "axis": "x", "origin": [8, 10.28125, 6.5625]},
			"faces": {
				"north": {"uv": [2.25, 7.625, 2.5, 7.6875], "texture": "#1"},
				"east": {"uv": [7.875, 7.875, 7.9375, 7.9375], "texture": "#1"},
				"south": {"uv": [7.625, 2.25, 7.875, 2.3125], "texture": "#1"},
				"west": {"uv": [0, 8, 0.0625, 8.0625], "texture": "#1"},
				"up": {"uv": [7.875, 2.5625, 7.625, 2.5], "texture": "#1"},
				"down": {"uv": [7.875, 2.75, 7.625, 2.8125], "texture": "#1"}
			}
		},
		{
			"name": "lod",
			"from": [7.3115, 6.624, 4.8115],
			"to": [8.6885, 7.376, 10.6885],
			"rotation": {"angle": 0, "axis": "y", "origin": [8, 0, 0]},
			"faces": {
				"north": {"uv": [7.25, 1.5, 7.4375, 1.625], "texture": "#1"},
				"east": {"uv": [4.625, 0, 5.375, 0.125], "texture": "#1"},
				"south": {"uv": [7.25, 2.125, 7.4375, 2.25], "texture": "#1"},
				"west": {"uv": [4.625, 0.25, 5.375, 0.375], "texture": "#1"},
				"up": {"uv": [3.6875, 2.75, 3.5, 2], "texture": "#1"},
				"down": {"uv": [3.8125, 2.875, 3.625, 3.625], "texture": "#1"}
			}
		},
		{
			"name": "lod",
			"from": [7.3125, 5.51793, 10.68041],
			"to": [8.6875, 6.39293, 10.99291],
			"rotation": {"angle": -20, "axis": "x", "origin": [8, 6.01793, 8.05541]},
			"faces": {
				"north": {"uv": [7.25, 3.125, 7.4375, 3.25], "texture": "#1"},
				"east": {"uv": [7.75, 6.125, 7.8125, 6.25], "texture": "#1"},
				"south": {"uv": [3.375, 7.25, 3.5625, 7.375], "texture": "#1"},
				"west": {"uv": [7.75, 6.375, 7.8125, 6.5], "texture": "#1"},
				"up": {"uv": [7.9375, 4.4375, 7.75, 4.375], "texture": "#1"},
				"down": {"uv": [7.9375, 4.625, 7.75, 4.6875], "texture": "#1"}
			}
		},
		{
			"name": "lod",
			"from": [7.3125, 6.84794, 8.22156],
			"to": [8.6875, 8.34794, 9.22156],
			"rotation": {"angle": -58, "axis": "x", "origin": [8, 7.53544, 9.06531]},
			"faces": {
				"north": {"uv": [6.875, 1.125, 7.0625, 1.3125], "texture": "#1"},
				"east": {"uv": [0.875, 7.25, 1, 7.4375], "texture": "#1"},
				"south": {"uv": [6.875, 1.5, 7.0625, 1.6875], "texture": "#1"},
				"west": {"uv": [2.125, 7.25, 2.25, 7.4375], "texture": "#1"},
				"up": {"uv": [6.1875, 7.375, 6, 7.25], "texture": "#1"},
				"down": {"uv": [6.5625, 7.25, 6.375, 7.375], "texture": "#1"}
			}
		},
		{
			"name": "lod",
			"from": [7.3125, 6.56726, 6.80282],
			"to": [8.6875, 8.06726, 7.55282],
			"rotation": {"angle": 90, "axis": "x", "origin": [8, 7.25476, 7.64657]},
			"faces": {
				"north": {"uv": [2.625, 6.875, 2.8125, 7.0625], "texture": "#1"},
				"east": {"uv": [3.75, 7.25, 3.875, 7.4375], "texture": "#1"},
				"south": {"uv": [6.875, 2.625, 7.0625, 2.8125], "texture": "#1"},
				"west": {"uv": [4.75, 7.25, 4.875, 7.4375], "texture": "#1"},
				"up": {"uv": [6.9375, 7.375, 6.75, 7.25], "texture": "#1"},
				"down": {"uv": [7.4375, 6.875, 7.25, 7], "texture": "#1"}
			}
		},
		{
			"name": "lod",
			"from": [7.25, 6.625, 1.6875],
			"to": [8.6875, 7.5625, 4.8125],
			"rotation": {"angle": 0, "axis": "y", "origin": [8, 0, 0]},
			"faces": {
				"north": {"uv": [7.25, 2.625, 7.4375, 2.75], "texture": "#1"},
				"east": {"uv": [1.625, 6.5, 2, 6.625], "texture": "#1"},
				"south": {"uv": [7.25, 2.875, 7.4375, 3], "texture": "#1"},
				"west": {"uv": [6.5, 1.875, 6.875, 2], "texture": "#1"},
				"up": {"uv": [0.1875, 5.625, 0, 5.25], "texture": "#1"},
				"down": {"uv": [5.4375, 4.625, 5.25, 5], "texture": "#1"}
			}
		},
		{
			"name": "lod",
			"from": [7.25, 6.875, 3.0625],
			"to": [10.25, 7.3125, 3.5625],
			"rotation": {"angle": 0, "axis": "y", "origin": [8, 0, 0]},
			"faces": {
				"north": {"uv": [7.375, 7.125, 7.75, 7.1875], "texture": "#1"},
				"east": {"uv": [1.125, 8, 1.1875, 8.0625], "texture": "#1"},
				"south": {"uv": [7.375, 7.375, 7.75, 7.4375], "texture": "#1"},
				"west": {"uv": [8, 1.5, 8.0625, 1.5625], "texture": "#1"},
				"up": {"uv": [0.375, 7.5625, 0, 7.5], "texture": "#1"},
				"down": {"uv": [3.625, 7.5, 3.25, 7.5625], "texture": "#1"}
			}
		},
		{
			"name": "lod",
			"from": [7.1875, 4.6875, 2.1875],
			"to": [8.8125, 6.125, 14.625],
			"rotation": {"angle": 0, "axis": "y", "origin": [8, 0, 0]},
			"faces": {
				"north": {"uv": [3, 7, 3.1875, 7.1875], "texture": "#1"},
				"east": {"uv": [0.75, 0.75, 2.3125, 0.9375], "texture": "#1"},
				"south": {"uv": [7, 3.375, 7.1875, 3.5625], "texture": "#1"},
				"west": {"uv": [0.75, 1.125, 2.3125, 1.3125], "texture": "#1"},
				"up": {"uv": [0.9375, 3.0625, 0.75, 1.5], "texture": "#1"},
				"down": {"uv": [1.3125, 1.5, 1.125, 3.0625], "texture": "#1"}
			}
		},
		{
			"name": "lod",
			"from": [7.375, 4.6875, 19.1875],
			"to": [8.625, 6.0625, 22.0625],
			"rotation": {"angle": 0, "axis": "y", "origin": [8, 0, 0]},
			"faces": {
				"north": {"uv": [7, 4.75, 7.1875, 4.9375], "texture": "#1"},
				"east": {"uv": [5.375, 0.5, 5.75, 0.6875], "texture": "#1"},
				"south": {"uv": [7.125, 3.75, 7.3125, 3.9375], "texture": "#1"},
				"west": {"uv": [5.5, 0, 5.875, 0.1875], "texture": "#1"},
				"up": {"uv": [1.3125, 5.75, 1.125, 5.375], "texture": "#1"},
				"down": {"uv": [3.3125, 5.375, 3.125, 5.75], "texture": "#1"}
			}
		},
		{
			"name": "lod",
			"from": [6.8125, 2.4375, 22.0625],
			"to": [9.1875, 6.0625, 23.25],
			"rotation": {"angle": 0, "axis": "y", "origin": [8, 0, 0]},
			"faces": {
				"north": {"uv": [3.75, 0, 4.0625, 0.4375], "texture": "#1"},
				"east": {"uv": [6.25, 1.375, 6.375, 1.8125], "texture": "#1"},
				"south": {"uv": [3.625, 3.75, 3.9375, 4.1875], "texture": "#1"},
				"west": {"uv": [6.25, 2, 6.375, 2.4375], "texture": "#1"},
				"up": {"uv": [7.0625, 2.5, 6.75, 2.375], "texture": "#1"},
				"down": {"uv": [7.0625, 3.125, 6.75, 3.25], "texture": "#1"}
			}
		},
		{
			"name": "lod",
			"from": [7.1865, 1.4365, 20.874],
			"to": [8.8135, 5.9385, 22.0635],
			"rotation": {"angle": 0, "axis": "y", "origin": [8, 0, 0]},
			"faces": {
				"north": {"uv": [3.75, 4.375, 3.9375, 4.9375], "texture": "#1"},
				"east": {"uv": [2.875, 5.25, 3, 5.8125], "texture": "#1"},
				"south": {"uv": [4.375, 4, 4.5625, 4.5625], "texture": "#1"},
				"west": {"uv": [5.25, 5.125, 5.375, 5.6875], "texture": "#1"},
				"up": {"uv": [7.5625, 4.25, 7.375, 4.125], "texture": "#1"},
				"down": {"uv": [7.5625, 4.375, 7.375, 4.5], "texture": "#1"}
			}
		},
		{
			"name": "lod",
			"from": [7.1875, 3.4375, 20.1875],
			"to": [8.8125, 5.875, 21.375],
			"rotation": {"angle": -22.5, "axis": "x", "origin": [8, 5.375, 20.78125]},
			"faces": {
				"north": {"uv": [3.75, 6, 3.9375, 6.3125], "texture": "#1"},
				"east": {"uv": [4.5, 6.625, 4.625, 6.9375], "texture": "#1"},
				"south": {"uv": [4.125, 6, 4.3125, 6.3125], "texture": "#1"},
				"west": {"uv": [0.25, 6.75, 0.375, 7.0625], "texture": "#1"},
				"up": {"uv": [7.5625, 4.75, 7.375, 4.625], "texture": "#1"},
				"down": {"uv": [7.5625, 4.875, 7.375, 5], "texture": "#1"}
			}
		},
		{
			"name": "lod",
			"from": [7.96729, 4.60041, 22.0625],
			"to": [9.64667, 6.27979, 23.25],
			"rotation": {"angle": -45, "axis": "z", "origin": [9.15479, 6.72541, 22.65625]},
			"faces": {
				"north": {"uv": [3.375, 6.875, 3.5625, 7.0625], "texture": "#1"},
				"east": {"uv": [7.125, 7.25, 7.25, 7.4375], "texture": "#1"},
				"south": {"uv": [6.125, 6.875, 6.3125, 7.0625], "texture": "#1"},
				"west": {"uv": [1.125, 7.375, 1.25, 7.5625], "texture": "#1"},
				"up": {"uv": [7.5625, 0.125, 7.375, 0], "texture": "#1"},
				"down": {"uv": [1.5625, 7.375, 1.375, 7.5], "texture": "#1"}
			}
		},
		{
			"name": "lod",
			"from": [7.96729, 0.97541, 22.0625],
			"to": [9.64667, 2.65479, 23.25],
			"rotation": {"angle": -45, "axis": "z", "origin": [9.15479, 3.10041, 22.65625]},
			"faces": {
				"north": {"uv": [6.5, 6.875, 6.6875, 7.0625], "texture": "#1"},
				"east": {"uv": [7.375, 1.75, 7.5, 1.9375], "texture": "#1"},
				"south": {"uv": [6.875, 6.875, 7.0625, 7.0625], "texture": "#1"},
				"west": {"uv": [3, 7.375, 3.125, 7.5625], "texture": "#1"},
				"up": {"uv": [7.5625, 3.5, 7.375, 3.375], "texture": "#1"},
				"down": {"uv": [4.1875, 7.375, 4, 7.5], "texture": "#1"}
			}
		},
		{
			"name": "lod",
			"from": [6.75, 5.625, -0.5625],
			"to": [9.25, 7.0625, 1.125],
			"rotation": {"angle": 0, "axis": "y", "origin": [8, 0, 0]},
			"faces": {
				"north": {"uv": [5.75, 4.25, 6.0625, 4.4375], "texture": "#1"},
				"east": {"uv": [6.75, 3.875, 6.9375, 4.0625], "texture": "#1"},
				"south": {"uv": [5.875, 0.375, 6.1875, 0.5625], "texture": "#1"},
				"west": {"uv": [5, 6.75, 5.1875, 6.9375], "texture": "#1"},
				"up": {"uv": [5.5625, 6.0625, 5.25, 5.875], "texture": "#1"},
				"down": {"uv": [6.0625, 5.875, 5.75, 6.0625], "texture": "#1"}
			}
		},
		{
			"name": "lod",
			"from": [6.9375, 5.5, -6.5],
			"to": [9.0625, 7.25, 1.125],
			"rotation": {"angle": 0, "axis": "y", "origin": [8, 0, 0]},
			"faces": {
				"north": {"uv": [4.375, 5.625, 4.625, 5.875], "texture": "#1"},
				"east": {"uv": [1.875, 0.375, 2.8125, 0.625], "texture": "#1"},
				"south": {"uv": [5.625, 4.625, 5.875, 4.875], "texture": "#1"},
				"west": {"uv": [2.25, 1.875, 3.1875, 2.125], "texture": "#1"},
				"up": {"uv": [2.5, 3.1875, 2.25, 2.25], "texture": "#1"},
				"down": {"uv": [0.25, 2.625, 0, 3.5625], "texture": "#1"}
			}
		},
		{
			"name": "lod",
			"from": [6.9375, 7.25, -6.0625],
			"to": [9.0625, 7.6875, 1.125],
			"rotation": {"angle": 0, "axis": "y", "origin": [8, 0, 0]},
			"faces": {
				"north": {"uv": [1.875, 7.625, 2.125, 7.6875], "texture": "#1"},
				"east": {"uv": [6, 0, 6.875, 0.0625], "texture": "#1"},
				"south": {"uv": [7.625, 2, 7.875, 2.0625], "texture": "#1"},
				"west": {"uv": [6, 3.625, 6.875, 3.6875], "texture": "#1"},
				"up": {"uv": [2, 4, 1.75, 3.125], "texture": "#1"},
				"down": {"uv": [3.375, 2.25, 3.125, 3.125], "texture": "#1"}
			}
		},
		{
			"name": "lod",
			"from": [6.999, 4.6865, 2.1865],
			"to": [8.9385, 6.626, 11.1885],
			"rotation": {"angle": 0, "axis": "y", "origin": [8, 0, 0]},
			"faces": {
				"north": {"uv": [5.625, 3.125, 5.875, 3.375], "texture": "#1"},
				"east": {"uv": [1.5, 1.5, 2.625, 1.75], "texture": "#1"},
				"south": {"uv": [3.75, 5.625, 4, 5.875], "texture": "#1"},
				"west": {"uv": [1.875, 0, 3, 0.25], "texture": "#1"},
				"up": {"uv": [1.75, 3, 1.5, 1.875], "texture": "#1"},
				"down": {"uv": [2.125, 1.875, 1.875, 3], "texture": "#1"}
			}
		},
		{
			"name": "lod",
			"from": [7.35775, 0.89974, 12.7677],
			"to": [8.64225, 6.52474, 14.1427],
			"rotation": {"angle": -33, "axis": "x", "origin": [7.9515, 1.86849, 14.5177]},
			"faces": {
				"north": {"uv": [0, 3.75, 0.1875, 4.4375], "texture": "#1"},
				"east": {"uv": [3.875, 1.25, 4.0625, 1.9375], "texture": "#1"},
				"south": {"uv": [4, 2.125, 4.1875, 2.8125], "texture": "#1"},
				"west": {"uv": [3.125, 4, 3.3125, 4.6875], "texture": "#1"},
				"up": {"uv": [6.9375, 5.3125, 6.75, 5.125], "texture": "#1"},
				"down": {"uv": [5.5625, 6.75, 5.375, 6.9375], "texture": "#1"}
			}
		},
		{
			"name": "lod",
			"from": [7.35675, 0.71011, 11.55893],
			"to": [8.64325, 4.83711, 13.18593],
			"rotation": {"angle": -23, "axis": "x", "origin": [8, 2.83611, 12.49743]},
			"faces": {
				"north": {"uv": [0, 4.625, 0.1875, 5.125], "texture": "#1"},
				"east": {"uv": [4.625, 0.5, 4.8125, 1], "texture": "#1"},
				"south": {"uv": [4.625, 1.125, 4.8125, 1.625], "texture": "#1"},
				"west": {"uv": [2.375, 4.625, 2.5625, 5.125], "texture": "#1"},
				"up": {"uv": [5.9375, 6.9375, 5.75, 6.75], "texture": "#1"},
				"down": {"uv": [7.0625, 0.75, 6.875, 0.9375], "texture": "#1"}
			}
		},
		{
			"name": "lod",
			"from": [7.35775, 2.96111, 11.30993],
			"to": [8.64225, 5.71111, 13.80993],
			"rotation": {"angle": 22, "axis": "x", "origin": [8, 5.14861, 12.49743]},
			"faces": {
				"north": {"uv": [3.75, 5.125, 3.9375, 5.5], "texture": "#1"},
				"east": {"uv": [4, 3, 4.3125, 3.375], "texture": "#1"},
				"south": {"uv": [4.625, 5.125, 4.8125, 5.5], "texture": "#1"},
				"west": {"uv": [2.5, 4.125, 2.8125, 4.5], "texture": "#1"},
				"up": {"uv": [2.9375, 6.3125, 2.75, 6], "texture": "#1"},
				"down": {"uv": [6.1875, 3.125, 6, 3.4375], "texture": "#1"}
			}
		},
		{
			"name": "lod",
			"from": [8, 3.39861, 8.05993],
			"to": [8, 4.77361, 10.87243],
			"rotation": {"angle": 0, "axis": "y", "origin": [8, 0, 0]},
			"faces": {
				"north": {"uv": [0.625, 2.625, 0.625, 2.8125], "texture": "#1"},
				"east": {"uv": [2.375, 5.25, 2.75, 5.4375], "texture": "#1"},
				"south": {"uv": [3, 0.375, 3, 0.5625], "texture": "#1"},
				"west": {"uv": [5.25, 4.25, 5.625, 4.4375], "texture": "#1"},
				"up": {"uv": [2.5, 3.75, 2.5, 3.375], "texture": "#1"},
				"down": {"uv": [3.875, 2.125, 3.875, 2.5], "texture": "#1"}
			}
		},
		{
			"name": "lod",
			"from": [7.35775, -0.02322, 12.41831],
			"to": [8.64225, 0.85178, 14.73081],
			"rotation": {"angle": 0, "axis": "y", "origin": [8, 0, 0]},
			"faces": {
				"north": {"uv": [7.25, 2.375, 7.4375, 2.5], "texture": "#1"},
				"east": {"uv": [1.625, 6.75, 1.9375, 6.875], "texture": "#1"},
				"south": {"uv": [2.625, 7.25, 2.8125, 7.375], "texture": "#1"},
				"west": {"uv": [6.75, 2.125, 7.0625, 2.25], "texture": "#1"},
				"up": {"uv": [1.9375, 6.3125, 1.75, 6], "texture": "#1"},
				"down": {"uv": [2.5625, 6, 2.375, 6.3125], "texture": "#1"}
			}
		},
		{
			"name": "lod",
			"from": [7, 5.22711, 1.15706],
			"to": [8.9375, 7.22711, 2.65706],
			"rotation": {"angle": 22.5, "axis": "x", "origin": [7.96875, 5.25836, 0.75081]},
			"faces": {
				"north": {"uv": [1.75, 5.625, 2, 5.875], "texture": "#1"},
				"east": {"uv": [6.375, 3.125, 6.5625, 3.375], "texture": "#1"},
				"south": {"uv": [2.375, 5.625, 2.625, 5.875], "texture": "#1"},
				"west": {"uv": [6.5, 0.75, 6.6875, 1], "texture": "#1"},
				"up": {"uv": [6.75, 1.3125, 6.5, 1.125], "texture": "#1"},
				"down": {"uv": [6.75, 1.5, 6.5, 1.6875], "texture": "#1"}
			}
		},
		{
			"name": "lod",
			"from": [6.999, 5.07303, 1.11318],
			"to": [8.9385, 7.38753, 1.86518],
			"rotation": {"angle": 0, "axis": "y", "origin": [8, 0, 0]},
			"faces": {
				"north": {"uv": [3.125, 4.875, 3.375, 5.1875], "texture": "#1"},
				"east": {"uv": [2.125, 6.75, 2.25, 7.0625], "texture": "#1"},
				"south": {"uv": [5, 0.5, 5.25, 0.8125], "texture": "#1"},
				"west": {"uv": [4.75, 6.75, 4.875, 7.0625], "texture": "#1"},
				"up": {"uv": [6.125, 0.875, 5.875, 0.75], "texture": "#1"},
				"down": {"uv": [7.25, 0, 7, 0.125], "texture": "#1"}
			}
		},
		{
			"name": "lod",
			"from": [7.42337, 6.40862, 1.11418],
			"to": [8.79339, 7.77864, 1.86418],
			"rotation": {"angle": -45, "axis": "z", "origin": [8.39212, 7.40862, 1.86418]},
			"faces": {
				"north": {"uv": [1.125, 7, 1.3125, 7.1875], "texture": "#1"},
				"east": {"uv": [5, 7.375, 5.125, 7.5625], "texture": "#1"},
				"south": {"uv": [1.5, 7, 1.6875, 7.1875], "texture": "#1"},
				"west": {"uv": [5.25, 7.375, 5.375, 7.5625], "texture": "#1"},
				"up": {"uv": [5.6875, 7.5, 5.5, 7.375], "texture": "#1"},
				"down": {"uv": [7.5625, 6.625, 7.375, 6.75], "texture": "#1"}
			}
		},
		{
			"name": "lod",
			"from": [7, 4.5, 2.5],
			"to": [8.9375, 4.6875, 6.1875],
			"rotation": {"angle": 0, "axis": "y", "origin": [8, 0, 0]},
			"faces": {
				"north": {"uv": [7.625, 1.5, 7.875, 1.5625], "texture": "#1"},
				"east": {"uv": [7.125, 6.125, 7.5625, 6.1875], "texture": "#1"},
				"south": {"uv": [7.625, 1.75, 7.875, 1.8125], "texture": "#1"},
				"west": {"uv": [7.125, 6.375, 7.5625, 6.4375], "texture": "#1"},
				"up": {"uv": [1.375, 4.5625, 1.125, 4.125], "texture": "#1"},
				"down": {"uv": [2, 4.125, 1.75, 4.5625], "texture": "#1"}
			}
		},
		{
			"name": "lod",
			"from": [10.02275, 7.86666, -12.25],
			"to": [11.1718, 9.01571, 1.5],
			"rotation": {"angle": 45, "axis": "z", "origin": [10.3593, 4.86666, -8.875]},
			"faces": {
				"north": {"uv": [2.5, 1.25, 2.625, 1.375], "texture": "#1"},
				"east": {"uv": [2.5, 0.75, 4.25, 0.875], "texture": "#1"},
				"south": {"uv": [6, 4.625, 6.125, 4.75], "texture": "#1"},
				"west": {"uv": [2.5, 1, 4.25, 1.125], "texture": "#1"},
				"up": {"uv": [0.5, 4.375, 0.375, 2.625], "texture": "#1"},
				"down": {"uv": [2.75, 2.25, 2.625, 4], "texture": "#1"}
			}
		},
		{
			"name": "lod",
			"from": [10.14675, 9.0147, -12.251],
			"to": [10.7978, 9.0167, 1.501],
			"rotation": {"angle": 45, "axis": "z", "origin": [10.3593, 4.86666, -8.875]},
			"faces": {
				"north": {"uv": [3.125, 0.625, 3.1875, 0.625], "texture": "#1"},
				"east": {"uv": [8, 4, 9.75, 4], "texture": "#1"},
				"south": {"uv": [3.375, 0.625, 3.4375, 0.625], "texture": "#1"},
				"west": {"uv": [8, 4.125, 9.75, 4.125], "texture": "#1"},
				"up": {"uv": [4.1875, 5.75, 4.125, 4], "texture": "#1"},
				"down": {"uv": [2.1875, 4.25, 2.125, 6], "texture": "#1"}
			}
		},
		{
			"name": "lod",
			"from": [5.2022, 9.0147, -12.251],
			"to": [5.85325, 9.0167, 1.501],
			"rotation": {"angle": -45, "axis": "z", "origin": [5.6407, 4.86666, -8.875]},
			"faces": {
				"north": {"uv": [3.625, 0.625, 3.6875, 0.625], "texture": "#1"},
				"east": {"uv": [8, 4.25, 9.75, 4.25], "texture": "#1"},
				"south": {"uv": [3.875, 0.625, 3.9375, 0.625], "texture": "#1"},
				"west": {"uv": [8, 5.125, 9.75, 5.125], "texture": "#1"},
				"up": {"uv": [4.4375, 1.75, 4.375, 0], "texture": "#1"},
				"down": {"uv": [3.5625, 4.375, 3.5, 6.125], "texture": "#1"}
			}
		},
		{
			"name": "lod",
			"from": [10.08525, 7.92916, -16],
			"to": [10.71025, 8.55416, -7.3125],
			"rotation": {"angle": 45, "axis": "z", "origin": [10.3593, 4.86666, -22.625]},
			"faces": {
				"north": {"uv": [4.75, 7.875, 4.8125, 7.9375], "texture": "#1"},
				"east": {"uv": [5.5, 5.125, 6.5625, 5.1875], "texture": "#1"},
				"south": {"uv": [5.375, 7.875, 5.4375, 7.9375], "texture": "#1"},
				"west": {"uv": [5.5, 5.375, 6.5625, 5.4375], "texture": "#1"},
				"up": {"uv": [0.4375, 6.5625, 0.375, 5.5], "texture": "#1"},
				"down": {"uv": [5.0625, 5.5, 5, 6.5625], "texture": "#1"}
			}
		},
		{
			"name": "lod",
			"from": [9.96025, 7.80416, -16],
			"to": [10.83525, 8.67916, -13.8125],
			"rotation": {"angle": 45, "axis": "z", "origin": [10.3593, 4.86666, -29.625]},
			"faces": {
				"north": {"uv": [6.75, 3.375, 6.875, 3.5], "texture": "#1"},
				"east": {"uv": [7, 1.875, 7.25, 2], "texture": "#1"},
				"south": {"uv": [7.625, 3, 7.75, 3.125], "texture": "#1"},
				"west": {"uv": [7, 6.625, 7.25, 6.75], "texture": "#1"},
				"up": {"uv": [0.125, 7.125, 0, 6.875], "texture": "#1"},
				"down": {"uv": [3.875, 6.875, 3.75, 7.125], "texture": "#1"}
			}
		},
		{
			"name": "lod",
			"from": [11.02275, 4.67916, -16],
			"to": [11.58525, 5.24166, -7.25],
			"rotation": {"angle": 45, "axis": "z", "origin": [11.2343, 1.55416, -21.625]},
			"faces": {
				"north": {"uv": [7.125, 7.875, 7.1875, 7.9375], "texture": "#1"},
				"east": {"uv": [5, 1, 6.125, 1.0625], "texture": "#1"},
				"south": {"uv": [7.875, 7.125, 7.9375, 7.1875], "texture": "#1"},
				"west": {"uv": [5, 1.25, 6.125, 1.3125], "texture": "#1"},
				"up": {"uv": [1.5625, 6.125, 1.5, 5], "texture": "#1"},
				"down": {"uv": [5.0625, 4.25, 5, 5.375], "texture": "#1"}
			}
		},
		{
			"name": "lod",
			"from": [9.21025, 4.67916, -16],
			"to": [9.77275, 5.24166, -7.25],
			"rotation": {"angle": 45, "axis": "z", "origin": [9.4218, 1.55416, -21.625]},
			"faces": {
				"north": {"uv": [7.375, 7.875, 7.4375, 7.9375], "texture": "#1"},
				"east": {"uv": [5, 1.5, 6.125, 1.5625], "texture": "#1"},
				"south": {"uv": [7.875, 7.375, 7.9375, 7.4375], "texture": "#1"},
				"west": {"uv": [5, 2.375, 6.125, 2.4375], "texture": "#1"},
				"up": {"uv": [0.6875, 6.25, 0.625, 5.125], "texture": "#1"},
				"down": {"uv": [0.9375, 5.125, 0.875, 6.25], "texture": "#1"}
			}
		},
		{
			"name": "lod",
			"from": [9.02275, 4.49166, -16],
			"to": [9.96025, 5.42916, -15.0625],
			"rotation": {"angle": 45, "axis": "z", "origin": [9.4218, 1.55416, -21.625]},
			"faces": {
				"north": {"uv": [3.75, 7.625, 3.875, 7.75], "texture": "#1"},
				"east": {"uv": [4, 7.625, 4.125, 7.75], "texture": "#1"},
				"south": {"uv": [4.25, 7.625, 4.375, 7.75], "texture": "#1"},
				"west": {"uv": [4.75, 7.625, 4.875, 7.75], "texture": "#1"},
				"up": {"uv": [5.625, 7.75, 5.5, 7.625], "texture": "#1"},
				"down": {"uv": [7.75, 6.875, 7.625, 7], "texture": "#1"}
			}
		},
		{
			"name": "lod",
			"from": [6.03975, 4.49166, -16],
			"to": [6.97725, 5.42916, -15.0625],
			"rotation": {"angle": -45, "axis": "z", "origin": [6.5782, 1.55416, -21.625]},
			"faces": {
				"north": {"uv": [7.125, 7.625, 7.25, 7.75], "texture": "#1"},
				"east": {"uv": [7.375, 7.625, 7.5, 7.75], "texture": "#1"},
				"south": {"uv": [7.625, 7.625, 7.75, 7.75], "texture": "#1"},
				"west": {"uv": [0, 7.75, 0.125, 7.875], "texture": "#1"},
				"up": {"uv": [7.875, 0.125, 7.75, 0], "texture": "#1"},
				"down": {"uv": [0.375, 7.75, 0.25, 7.875], "texture": "#1"}
			}
		},
		{
			"name": "lod",
			"from": [9.21025, 6.05416, 14.75],
			"to": [9.71025, 6.55416, 17.25],
			"rotation": {"angle": 45, "axis": "z", "origin": [9.4218, 2.92916, 3.375]},
			"faces": {
				"north": {"uv": [7.625, 7.875, 7.6875, 7.9375], "texture": "#1"},
				"east": {"uv": [7.5, 5.625, 7.8125, 5.6875], "texture": "#1"},
				"south": {"uv": [7.875, 7.625, 7.9375, 7.6875], "texture": "#1"},
				"west": {"uv": [5.875, 7.5, 6.1875, 7.5625], "texture": "#1"},
				"up": {"uv": [6.4375, 7.8125, 6.375, 7.5], "texture": "#1"},
				"down": {"uv": [6.6875, 7.5, 6.625, 7.8125], "texture": "#1"}
			}
		},
		{
			"name": "lod",
			"from": [11.08525, 6.05416, 14.75],
			"to": [11.58525, 6.55416, 17.25],
			"rotation": {"angle": 45, "axis": "z", "origin": [11.2968, 2.92916, 3.375]},
			"faces": {
				"north": {"uv": [8, 3.25, 8.0625, 3.3125], "texture": "#1"},
				"east": {"uv": [7.5, 5.875, 7.8125, 5.9375], "texture": "#1"},
				"south": {"uv": [3.375, 8, 3.4375, 8.0625], "texture": "#1"},
				"west": {"uv": [1.375, 7.625, 1.6875, 7.6875], "texture": "#1"},
				"up": {"uv": [6.9375, 7.8125, 6.875, 7.5], "texture": "#1"},
				"down": {"uv": [0.9375, 7.625, 0.875, 7.9375], "texture": "#1"}
			}
		},
		{
			"name": "lod",
			"from": [9.14775, 5.99166, 6.9375],
			"to": [9.77275, 6.61666, 14.75],
			"rotation": {"angle": 45, "axis": "z", "origin": [9.4218, 2.92916, 3.375]},
			"faces": {
				"north": {"uv": [2.875, 8, 2.9375, 8.0625], "texture": "#1"},
				"east": {"uv": [5.75, 2.625, 6.75, 2.6875], "texture": "#1"},
				"south": {"uv": [3.125, 8, 3.1875, 8.0625], "texture": "#1"},
				"west": {"uv": [5.75, 2.875, 6.75, 2.9375], "texture": "#1"},
				"up": {"uv": [1.1875, 6.875, 1.125, 5.875], "texture": "#1"},
				"down": {"uv": [3.1875, 5.875, 3.125, 6.875], "texture": "#1"}
			}
		},
		{
			"name": "lod",
			"from": [6.22725, 5.99166, 17.25],
			"to": [6.85225, 6.61666, 20.5],
			"rotation": {"angle": -45, "axis": "z", "origin": [6.5782, 2.92916, 13.6875]},
			"faces": {
				"north": {"uv": [2.625, 8, 2.6875, 8.0625], "texture": "#1"},
				"east": {"uv": [7.25, 0.5, 7.6875, 0.5625], "texture": "#1"},
				"south": {"uv": [8, 2.75, 8.0625, 2.8125], "texture": "#1"},
				"west": {"uv": [7.25, 0.75, 7.6875, 0.8125], "texture": "#1"},
				"up": {"uv": [4.5625, 7.5625, 4.5, 7.125], "texture": "#1"},
				"down": {"uv": [0.6875, 7.25, 0.625, 7.6875], "texture": "#1"}
			}
		},
		{
			"name": "lod",
			"from": [6.22725, 5.99166, 6.9375],
			"to": [6.85225, 6.61666, 14.75],
			"rotation": {"angle": -45, "axis": "z", "origin": [6.5782, 2.92916, 3.375]},
			"faces": {
				"north": {"uv": [8, 2.25, 8.0625, 2.3125], "texture": "#1"},
				"east": {"uv": [5.625, 4, 6.625, 4.0625], "texture": "#1"},
				"south": {"uv": [8, 2.5, 8.0625, 2.5625], "texture": "#1"},
				"west": {"uv": [5.5, 5.625, 6.5, 5.6875], "texture": "#1"},
				"up": {"uv": [4.8125, 6.625, 4.75, 5.625], "texture": "#1"},
				"down": {"uv": [0.0625, 5.75, 0, 6.75], "texture": "#1"}
			}
		},
		{
			"name": "lod",
			"from": [9.14775, 5.99166, 17.25],
			"to": [9.77275, 6.61666, 20.5],
			"rotation": {"angle": 45, "axis": "z", "origin": [9.4218, 2.92916, 13.6875]},
			"faces": {
				"north": {"uv": [8, 1.75, 8.0625, 1.8125], "texture": "#1"},
				"east": {"uv": [0, 7.25, 0.4375, 7.3125], "texture": "#1"},
				"south": {"uv": [8, 2, 8.0625, 2.0625], "texture": "#1"},
				"west": {"uv": [7.25, 0.25, 7.6875, 0.3125], "texture": "#1"},
				"up": {"uv": [1.9375, 7.4375, 1.875, 7], "texture": "#1"},
				"down": {"uv": [2.4375, 7, 2.375, 7.4375], "texture": "#1"}
			}
		},
		{
			"name": "lod",
			"from": [10.08525, 6.99166, -16],
			"to": [10.71025, 7.61666, -9.875],
			"rotation": {"angle": 45, "axis": "z", "origin": [10.3593, 3.92916, -22.625]},
			"faces": {
				"north": {"uv": [7.875, 5.375, 7.9375, 5.4375], "texture": "#1"},
				"east": {"uv": [6.375, 0.25, 7.125, 0.3125], "texture": "#1"},
				"south": {"uv": [7.875, 6.875, 7.9375, 6.9375], "texture": "#1"},
				"west": {"uv": [6.375, 0.5, 7.125, 0.5625], "texture": "#1"},
				"up": {"uv": [0.6875, 7.125, 0.625, 6.375], "texture": "#1"},
				"down": {"uv": [0.9375, 6.375, 0.875, 7.125], "texture": "#1"}
			}
		},
		{
			"name": "lod",
			"from": [7.4375, 3.58058, 2.58591],
			"to": [8.5625, 6.95558, 6.21091],
			"rotation": {"angle": 10, "axis": "x", "origin": [8, 6.04933, 4.39841]},
			"faces": {
				"north": {"uv": [4.5, 6, 4.625, 6.4375], "texture": "#1"},
				"east": {"uv": [2.75, 1.25, 3.1875, 1.6875], "texture": "#1"},
				"south": {"uv": [2.125, 6.125, 2.25, 6.5625], "texture": "#1"},
				"west": {"uv": [3.125, 0, 3.5625, 0.4375], "texture": "#1"},
				"up": {"uv": [6.375, 1.1875, 6.25, 0.75], "texture": "#1"},
				"down": {"uv": [1.5, 6.25, 1.375, 6.6875], "texture": "#1"}
			}
		},
		{
			"name": "lod",
			"from": [7.5625, 6.5625, 15.8125],
			"to": [8.4375, 7, 21.3125],
			"rotation": {"angle": 0, "axis": "y", "origin": [8, 0, 0]},
			"faces": {
				"north": {"uv": [7.875, 0.75, 8, 0.8125], "texture": "#1"},
				"east": {"uv": [5.25, 6.5, 5.9375, 6.5625], "texture": "#1"},
				"south": {"uv": [7.875, 1, 8, 1.0625], "texture": "#1"},
				"west": {"uv": [6.625, 5.625, 7.3125, 5.6875], "texture": "#1"},
				"up": {"uv": [1.875, 5.4375, 1.75, 4.75], "texture": "#1"},
				"down": {"uv": [4.875, 2.375, 4.75, 3.0625], "texture": "#1"}
			}
		},
		{
			"name": "lod",
			"from": [7.125, 6, 15.8125],
			"to": [8.875, 6.5625, 21.3125],
			"rotation": {"angle": 0, "axis": "y", "origin": [8, 0, 0]},
			"faces": {
				"north": {"uv": [2.875, 7.75, 3.125, 7.8125], "texture": "#1"},
				"east": {"uv": [6.625, 5.875, 7.3125, 5.9375], "texture": "#1"},
				"south": {"uv": [3.25, 7.75, 3.5, 7.8125], "texture": "#1"},
				"west": {"uv": [6.125, 6.625, 6.8125, 6.6875], "texture": "#1"},
				"up": {"uv": [1.375, 3.9375, 1.125, 3.25], "texture": "#1"},
				"down": {"uv": [2.375, 3.375, 2.125, 4.0625], "texture": "#1"}
			}
		},
		{
			"name": "lod",
			"from": [7.69497, 5.86141, 15.8125],
			"to": [8.93241, 7.09885, 21.3125],
			"rotation": {"angle": 45, "axis": "z", "origin": [8.05741, 6.14266, 18.5625]},
			"faces": {
				"north": {"uv": [1.125, 7.75, 1.25, 7.875], "texture": "#1"},
				"east": {"uv": [4.75, 3.25, 5.4375, 3.375], "texture": "#1"},
				"south": {"uv": [2.625, 7.75, 2.75, 7.875], "texture": "#1"},
				"west": {"uv": [4.75, 4, 5.4375, 4.125], "texture": "#1"},
				"up": {"uv": [4.875, 4.9375, 4.75, 4.25], "texture": "#1"},
				"down": {"uv": [4.5, 4.75, 4.375, 5.4375], "texture": "#1"}
			}
		},
		{
			"name": "lod",
			"from": [7.94853, 8.22441, -16],
			"to": [8.39247, 8.66835, -14.998],
			"rotation": {"angle": -45, "axis": "z", "origin": [8.26202, 8.72541, -30.6875]},
			"faces": {
				"north": {"uv": [8, 3.5, 8.0625, 3.5625], "texture": "#1"},
				"east": {"uv": [1.625, 7.875, 1.75, 7.9375], "texture": "#1"},
				"south": {"uv": [8, 3.75, 8.0625, 3.8125], "texture": "#1"},
				"west": {"uv": [1.875, 7.875, 2, 7.9375], "texture": "#1"},
				"up": {"uv": [2.1875, 8, 2.125, 7.875], "texture": "#1"},
				"down": {"uv": [2.4375, 7.875, 2.375, 8], "texture": "#1"}
			}
		},
		{
			"name": "lod",
			"from": [7.6875, 7.46783, -16],
			"to": [8.3125, 8.59283, -15],
			"rotation": {"angle": 0, "axis": "y", "origin": [8, 0, 0]},
			"faces": {
				"north": {"uv": [7.875, 3, 7.9375, 3.125], "texture": "#1"},
				"east": {"uv": [7.75, 3.25, 7.875, 3.375], "texture": "#1"},
				"south": {"uv": [3.625, 7.875, 3.6875, 8], "texture": "#1"},
				"west": {"uv": [7.75, 4.125, 7.875, 4.25], "texture": "#1"},
				"up": {"uv": [3.9375, 8, 3.875, 7.875], "texture": "#1"},
				"down": {"uv": [4.1875, 7.875, 4.125, 8], "texture": "#1"}
			}
		},
		{
			"name": "mount",
			"from": [7.5, 8.375, 1.5],
			"to": [8.5, 8.8125, 7.75],
			"rotation": {"angle": 0, "axis": "y", "origin": [8, 0, 0]},
			"faces": {
				"north": {"uv": [5.75, 7.75, 5.875, 7.8125], "texture": "#1"},
				"east": {"uv": [6, 4.875, 6.8125, 4.9375], "texture": "#1"},
				"south": {"uv": [6, 7.75, 6.125, 7.8125], "texture": "#1"},
				"west": {"uv": [5.25, 6.25, 6.0625, 6.3125], "texture": "#1"},
				"up": {"uv": [0.5, 5.3125, 0.375, 4.5], "texture": "#1"},
				"down": {"uv": [4.625, 2.375, 4.5, 3.1875], "texture": "#1"}
			}
		},
		{
			"name": "bone9",
			"from": [7.46, 8.9475, 2.45],
			"to": [8.54, 9.5775, 7.21],
			"rotation": {"angle": 0, "axis": "y", "origin": [8, 9, 5]},
			"faces": {
				"north": {"uv": [12.5, 10.5, 13, 10.75], "texture": "#2"},
				"east": {"uv": [8.5, 10.5, 11, 10.75], "texture": "#2"},
				"south": {"uv": [11.5, 12.5, 12, 12.75], "texture": "#2"},
				"west": {"uv": [10.5, 9.5, 13, 9.75], "texture": "#2"},
				"up": {"uv": [8.5, 7, 8, 4.5], "texture": "#2"},
				"down": {"uv": [6.5, 8, 6, 10.5], "texture": "#2"}
			}
		},
		{
			"name": "bone9",
			"from": [7.19, 9.7275, -4.54],
			"to": [9.11, 11.6475, -0.22],
			"rotation": {"angle": 45, "axis": "z", "origin": [8, 10.5375, -6.125]},
			"faces": {
				"north": {"uv": [1.5, 10, 2.5, 11], "texture": "#2"},
				"east": {"uv": [0, 0, 2.25, 1], "texture": "#2"},
				"south": {"uv": [7, 10, 8, 11], "texture": "#2"},
				"west": {"uv": [0, 1.5, 2.25, 2.5], "texture": "#2"},
				"up": {"uv": [1, 5.25, 0, 3], "texture": "#2"},
				"down": {"uv": [4, 0, 3, 2.25], "texture": "#2"}
			}
		},
		{
			"name": "bone9",
			"from": [7.365, 9.9025, 7.36],
			"to": [8.935, 11.4725, 11.28],
			"rotation": {"angle": 45, "axis": "z", "origin": [8, 10.5375, -7.125]},
			"faces": {
				"north": {"uv": [3.5, 12, 4.25, 12.75], "texture": "#2"},
				"east": {"uv": [5.5, 5, 7.5, 5.75], "texture": "#2"},
				"south": {"uv": [12, 4.5, 12.75, 5.25], "texture": "#2"},
				"west": {"uv": [6.5, 0, 8.5, 0.75], "texture": "#2"},
				"up": {"uv": [0.75, 8, 0, 6], "texture": "#2"},
				"down": {"uv": [7.25, 1.5, 6.5, 3.5], "texture": "#2"}
			}
		},
		{
			"name": "bone9",
			"from": [7.4275, 9.965, -1.34],
			"to": [8.8725, 11.41, 1.18],
			"rotation": {"angle": 45, "axis": "z", "origin": [8, 10.5375, -6.125]},
			"faces": {
				"north": {"uv": [12, 6, 12.75, 6.75], "texture": "#2"},
				"east": {"uv": [10.5, 1.5, 11.75, 2.25], "texture": "#2"},
				"south": {"uv": [12, 7.5, 12.75, 8.25], "texture": "#2"},
				"west": {"uv": [10.5, 3, 11.75, 3.75], "texture": "#2"},
				"up": {"uv": [0.75, 11.75, 0, 10.5], "texture": "#2"},
				"down": {"uv": [11.25, 7.5, 10.5, 8.75], "texture": "#2"}
			}
		},
		{
			"name": "bone9",
			"from": [7.61, 10.1475, 0.06],
			"to": [8.69, 11.2275, 8.48],
			"rotation": {"angle": 45, "axis": "z", "origin": [8, 10.5375, -7.125]},
			"faces": {
				"north": {"uv": [4.5, 2, 5, 2.5], "texture": "#2"},
				"east": {"uv": [1.5, 3, 5.75, 3.5], "texture": "#2"},
				"south": {"uv": [5.5, 2, 6, 2.5], "texture": "#2"},
				"west": {"uv": [1.5, 4, 5.75, 4.5], "texture": "#2"},
				"up": {"uv": [2, 9.25, 1.5, 5], "texture": "#2"},
				"down": {"uv": [3, 5, 2.5, 9.25], "texture": "#2"}
			}
		},
		{
			"name": "bone9",
			"from": [6.86, 9.60963, 3.66],
			"to": [9.14, 11.88963, 5.88],
			"rotation": {"angle": 0, "axis": "y", "origin": [8, 9, 5]},
			"faces": {
				"north": {"uv": [4.5, 0, 5.75, 1.25], "texture": "#2"},
				"east": {"uv": [7, 8, 8, 9.25], "texture": "#2"},
				"south": {"uv": [3.5, 5, 4.75, 6.25], "texture": "#2"},
				"west": {"uv": [0, 8.5, 1, 9.75], "texture": "#2"},
				"up": {"uv": [9.75, 8.5, 8.5, 7.5], "texture": "#2"},
				"down": {"uv": [10.25, 0, 9, 1], "texture": "#2"}
			}
		},
		{
			"name": "bone9",
			"from": [6.2612, 10.03083, 4.0812],
			"to": [9.7388, 11.46843, 5.4588],
			"rotation": {"angle": -45, "axis": "x", "origin": [8, 10.74963, 4.77]},
			"faces": {
				"north": {"uv": [5.5, 6.5, 7.25, 7.25], "texture": "#2"},
				"east": {"uv": [0, 12.5, 0.75, 13.25], "texture": "#2"},
				"south": {"uv": [8, 1.5, 9.75, 2.25], "texture": "#2"},
				"west": {"uv": [12.5, 1, 13.25, 1.75], "texture": "#2"},
				"up": {"uv": [9.75, 3.75, 8, 3], "texture": "#2"},
				"down": {"uv": [5.25, 8, 3.5, 8.75], "texture": "#2"}
			}
		},
		{
			"name": "bone9",
			"from": [5.6112, 15.3467, 5.76533],
			"to": [8.5888, 16.7843, 7.14293],
			"rotation": {"angle": -45, "axis": "x", "origin": [8, 11.99963, 10.52]},
			"rotated": [-45, 0, 90],
			"faces": {
				"north": {"uv": [9, 4.5, 10.5, 5.25], "texture": "#2"},
				"east": {"uv": [12.5, 2.5, 13.25, 3.25], "texture": "#2"},
				"south": {"uv": [9, 6, 10.5, 6.75], "texture": "#2"},
				"west": {"uv": [7, 12.5, 7.75, 13.25], "texture": "#2"},
				"up": {"uv": [10, 9.75, 8.5, 9], "texture": "#2"},
				"down": {"uv": [5, 9.5, 3.5, 10.25], "texture": "#2"}
			}
		},
		{
			"name": "bone9",
			"from": [7.46, 9.5775, 2.45],
			"to": [8.54, 10.4475, 3.41],
			"rotation": {"angle": 0, "axis": "y", "origin": [8, 9, 5]},
			"faces": {
				"north": {"uv": [6.5, 4, 7, 4.5], "texture": "#2"},
				"east": {"uv": [3.5, 7, 4, 7.5], "texture": "#2"},
				"south": {"uv": [4.5, 7, 5, 7.5], "texture": "#2"},
				"west": {"uv": [11.5, 10.5, 12, 11], "texture": "#2"},
				"up": {"uv": [5.5, 12.5, 5, 12], "texture": "#2"},
				"down": {"uv": [9, 12.5, 8.5, 13], "texture": "#2"}
			}
		},
		{
			"name": "bone9",
			"from": [8.48, 8.7675, 2.45],
			"to": [8.84, 9.1575, 7.21],
			"rotation": {"angle": 0, "axis": "y", "origin": [8, 9, 5]},
			"faces": {
				"north": {"uv": [13.5, 4, 13.75, 4.25], "texture": "#2"},
				"east": {"uv": [11, 0, 13.5, 0.25], "texture": "#2"},
				"south": {"uv": [13.5, 5, 13.75, 5.25], "texture": "#2"},
				"west": {"uv": [3, 11, 5.5, 11.25], "texture": "#2"},
				"up": {"uv": [11.25, 7, 11, 4.5], "texture": "#2"},
				"down": {"uv": [6.25, 11, 6, 13.5], "texture": "#2"}
			}
		},
		{
			"name": "bone9",
			"from": [7.46, 9.5775, 6.5],
			"to": [8.54, 10.5075, 7.21],
			"rotation": {"angle": 0, "axis": "y", "origin": [8, 9, 5]},
			"faces": {
				"north": {"uv": [9.5, 12.5, 10, 13], "texture": "#2"},
				"east": {"uv": [12.5, 12.5, 12.75, 13], "texture": "#2"},
				"south": {"uv": [10.5, 12.5, 11, 13], "texture": "#2"},
				"west": {"uv": [5, 13, 5.25, 13.5], "texture": "#2"},
				"up": {"uv": [13.5, 11.75, 13, 11.5], "texture": "#2"},
				"down": {"uv": [4, 13.5, 3.5, 13.75], "texture": "#2"}
			}
		},
		{
			"name": "bone9",
			"from": [7.16, 8.7675, 2.45],
			"to": [7.52, 9.1575, 7.21],
			"rotation": {"angle": 0, "axis": "y", "origin": [8, 9, 5]},
			"faces": {
				"north": {"uv": [13.5, 6, 13.75, 6.25], "texture": "#2"},
				"east": {"uv": [7, 11.5, 9.5, 11.75], "texture": "#2"},
				"south": {"uv": [13.5, 7, 13.75, 7.25], "texture": "#2"},
				"west": {"uv": [10, 11.5, 12.5, 11.75], "texture": "#2"},
				"up": {"uv": [1.75, 14, 1.5, 11.5], "texture": "#2"},
				"down": {"uv": [2.75, 12, 2.5, 14.5], "texture": "#2"}
			}
		}
	],
	"display": {
		"thirdperson_righthand": {
			"rotation": [0, -12.5, 0],
			"translation": [0.5, 2, 0.25],
			"scale": [0.7, 0.7, 0.7]
		},
		"thirdperson_lefthand": {
			"translation": [0, -5.75, -2],
			"scale": [0.7, 0.7, 0.7]
		},
		"firstperson_righthand": {
			"rotation": [8.83, 8.04, 2.75],
			"translation": [0, -9.75, -11.25],
			"scale": [1, 1, 1.10156]
		},
		"firstperson_lefthand": {
			"rotation": [8.83, 8.04, 2.75],
			"translation": [0, -9.75, -11.25],
			"scale": [1, 1, 1.10156]
		},
		"gui": {
			"rotation": [-155, -45, 180],
			"translation": [-0.75, -5.5, 0],
			"scale": [0.53, 0.53, 0.53]
		},
		"fixed": {
			"rotation": [0, -90, 0],
			"translation": [0, -10, 0]
		}
	},
	"groups": [
		{
			"name": "lod",
			"origin": [0, 11, 0],
			"color": 0,
			"children": [
				0,
				1,
				2,
				3,
				4,
				5,
				6,
				7,
				8,
				9,
				10,
				11,
				12,
				13,
				14,
				15,
				16,
				17,
				18,
				19,
				20,
				21,
				22,
				23,
				24,
				25,
				26,
				27,
				28,
				29,
				30,
				31,
				32,
				33,
				34,
				35,
				36,
				37,
				38,
				39,
				40,
				41,
				42,
				43,
				44,
				45,
				46,
				47,
				48,
				49,
				50,
				51,
				52,
				53,
				54,
				55,
				56,
				57,
				{
					"name": "positioning2",
					"origin": [0, 7.30625, -22.35],
					"color": 1,
					"children": [
						{
							"name": "thirdperson_hand",
							"origin": [0, 4.55, 10.6],
							"color": 2,
							"children": []
						},
						{
							"name": "fixed",
							"origin": [-1.3, 6.975, 2.125],
							"rotation": [0, -90, 0],
							"color": 3,
							"children": []
						},
						{
							"name": "ground",
							"origin": [0, -5, 0],
							"color": 4,
							"children": []
						},
						{
							"name": "muzzle_flash",
							"origin": [0, 7.30625, -22.35],
							"color": 5,
							"children": []
						},
						{
							"name": "laser_pos",
							"origin": [0, 8.30625, -9.25],
							"color": 6,
							"children": []
						},
						{
							"name": "grip_pos",
							"origin": [0, 5.125, -2.5],
							"color": 7,
							"children": []
						},
						{
							"name": "muzzle_pos",
							"origin": [0, 7.30625, -19.1],
							"color": 8,
							"children": []
						},
						{
							"name": "shell",
							"origin": [0.125, 7.55625, 4.975],
							"color": 9,
							"children": []
						}
					]
				},
				{
					"name": "mount",
					"origin": [0, 11, 0],
					"color": 0,
					"children": [
						58,
						{
							"name": "scope_pos",
							"origin": [0, 8.78125, 6],
							"color": 1,
							"children": []
						}
					]
				}
			]
		},
		{
			"name": "8x_lod",
			"origin": [0, 0.1875, 0],
			"color": 0,
			"children": [
				{
					"name": "bone9",
					"origin": [0, 1.23666, -0.85708],
					"color": 1,
					"children": [59, 60, 61, 62, 63, 64, 65, 66, 67, 68, 69, 70]
				}
			]
		}
	]
}