{
	"format_version": "1.12.0",
	"minecraft:geometry": [
		{
			"description": {
				"identifier": "geometry.unknown",
				"texture_width": 64,
				"texture_height": 64,
				"visible_bounds_width": 3,
				"visible_bounds_height": 1.5,
				"visible_bounds_offset": [0, 0.25, 0]
			},
			"bones": [
				{
					"name": "35mm",
					"pivot": [0, 0.05, 0.03],
					"cubes": [
						{
							"origin": [-0.99, -0.94, -4.83],
							"size": [1.98, 1.98, 3.6],
							"pivot": [0, 0.05, -3.03],
							"rotation": [0, 0, 45],
							"uv": {
								"north": {"uv": [4, 33], "uv_size": [1, 1]},
								"east": {"uv": [30, 6], "uv_size": [2, 1]},
								"south": {"uv": [8, 33], "uv_size": [1, 1]},
								"west": {"uv": [7, 30], "uv_size": [2, 1]},
								"up": {"uv": [30, 7], "uv_size": [1, 2]},
								"down": {"uv": [9, 32], "uv_size": [1, -2]}
							}
						},
						{
							"origin": [-0.72, -0.67, -1.23],
							"size": [1.44, 1.44, 9],
							"pivot": [0, 0.05, 0.57],
							"rotation": [0, 0, 45],
							"uv": {
								"north": {"uv": [43, 23], "uv_size": [0.5, 0.5]},
								"east": {"uv": [27, 12], "uv_size": [4.5, 0.5]},
								"south": {"uv": [24, 43], "uv_size": [0.5, 0.5]},
								"west": {"uv": [27, 13], "uv_size": [4.5, 0.5]},
								"up": {"uv": [13, 27], "uv_size": [0.5, 4.5]},
								"down": {"uv": [14, 31.5], "uv_size": [0.5, -4.5]}
							}
						},
						{
							"origin": [-0.9, -0.85, 7.77],
							"size": [1.8, 1.8, 1.44],
							"pivot": [0, 0.05, 8.49],
							"rotation": [0, 0, 45],
							"uv": {
								"north": {"uv": [17, 33], "uv_size": [1, 1]},
								"east": {"uv": [12, 38], "uv_size": [0.5, 1]},
								"south": {"uv": [33, 17], "uv_size": [1, 1]},
								"west": {"uv": [38, 12], "uv_size": [0.5, 1]},
								"up": {"uv": [13, 38], "uv_size": [1, 0.5]},
								"down": {"uv": [38, 13.5], "uv_size": [1, -0.5]}
							}
						},
						{
							"origin": [-0.54, -0.49, 9.21],
							"size": [1.08, 1.08, 3.06],
							"pivot": [0, 0.05, 9.93],
							"rotation": [0, 0, 45],
							"uv": {
								"north": {"uv": [43, 40], "uv_size": [0.5, 0.5]},
								"east": {"uv": [17, 34], "uv_size": [1.5, 0.5]},
								"south": {"uv": [41, 43], "uv_size": [0.5, 0.5]},
								"west": {"uv": [19, 34], "uv_size": [1.5, 0.5]},
								"up": {"uv": [34, 20], "uv_size": [0.5, 1.5]},
								"down": {"uv": [22, 35.5], "uv_size": [0.5, -1.5]}
							}
						},
						{
							"origin": [-1.17, -1.12, -5.91],
							"size": [2.34, 2.34, 3.42],
							"pivot": [0, 0.05, -5.37],
							"rotation": [0, 0, 45],
							"uv": {
								"north": {"uv": [33, 8], "uv_size": [1, 1]},
								"east": {"uv": [31, 5], "uv_size": [1.5, 1]},
								"south": {"uv": [33, 9], "uv_size": [1, 1]},
								"west": {"uv": [31, 14], "uv_size": [1.5, 1]},
								"up": {"uv": [15, 31], "uv_size": [1, 1.5]},
								"down": {"uv": [31, 18.5], "uv_size": [1, -1.5]}
							}
						},
						{
							"origin": [-0.99, -0.94, -7.89],
							"size": [1.98, 1.98, 1.98],
							"pivot": [0, 0.05, -6.45],
							"rotation": [0, 0, 45],
							"uv": {
								"north": {"uv": [33, 10], "uv_size": [1, 1]},
								"east": {"uv": [33, 11], "uv_size": [1, 1]},
								"south": {"uv": [33, 12], "uv_size": [1, 1]},
								"west": {"uv": [33, 13], "uv_size": [1, 1]},
								"up": {"uv": [33, 14], "uv_size": [1, 1]},
								"down": {"uv": [15, 34], "uv_size": [1, -1]}
							}
						},
						{
							"origin": [-0.81, -0.76, -8.43],
							"size": [1.62, 1.62, 0.54],
							"pivot": [0, 0.05, -8.43],
							"rotation": [0, 0, 45],
							"uv": {
								"north": {"uv": [33, 15], "uv_size": [1, 1]},
								"east": {"uv": [10, 38], "uv_size": [0.5, 1]},
								"south": {"uv": [33, 16], "uv_size": [1, 1]},
								"west": {"uv": [38, 10], "uv_size": [0.5, 1]},
								"up": {"uv": [11, 38], "uv_size": [1, 0.5]},
								"down": {"uv": [38, 11.5], "uv_size": [1, -0.5]}
							}
						}
					]
				},
				{
					"name": "wy",
					"parent": "35mm",
					"pivot": [0, 1.4, 12.72],
					"cubes": [
						{
							"origin": [-0.09, 0.59, 7.77],
							"size": [0.18, 0.9, 0.9],
							"uv": {
								"north": {"uv": [43, 24], "uv_size": [0.5, 0.5]},
								"east": {"uv": [25, 43], "uv_size": [0.5, 0.5]},
								"south": {"uv": [43, 25], "uv_size": [0.5, 0.5]},
								"west": {"uv": [26, 43], "uv_size": [0.5, 0.5]},
								"up": {"uv": [43, 26], "uv_size": [0.5, 0.5]},
								"down": {"uv": [27, 43.5], "uv_size": [0.5, -0.5]}
							}
						},
						{
							"origin": [-0.09, 0.5842, 7.52776],
							"size": [0.18, 0.72, 0.72],
							"pivot": [0.18, 0.8542, 7.79776],
							"rotation": [47.5, 0, 0],
							"uv": {
								"north": {"uv": [43, 27], "uv_size": [0.5, 0.5]},
								"east": {"uv": [28, 43], "uv_size": [0.5, 0.5]},
								"south": {"uv": [43, 28], "uv_size": [0.5, 0.5]},
								"west": {"uv": [29, 43], "uv_size": [0.5, 0.5]},
								"up": {"uv": [43, 29], "uv_size": [0.5, 0.5]},
								"down": {"uv": [30, 43.5], "uv_size": [0.5, -0.5]}
							}
						},
						{
							"origin": [-0.09, 0.95, 8.67],
							"size": [0.18, 0.54, 3.6],
							"uv": {
								"north": {"uv": [43, 30], "uv_size": [0.5, 0.5]},
								"east": {"uv": [33, 18], "uv_size": [2, 0.5]},
								"south": {"uv": [31, 43], "uv_size": [0.5, 0.5]},
								"west": {"uv": [33, 19], "uv_size": [2, 0.5]},
								"up": {"uv": [33, 20], "uv_size": [0.5, 2]},
								"down": {"uv": [21, 35], "uv_size": [0.5, -2]}
							}
						},
						{
							"origin": [-0.09, 1.14276, 12.20056],
							"size": [0.18, 0.16818, 0.96926],
							"pivot": [0, 1.22094, 12.71982],
							"rotation": [22.5, 0, 0],
							"uv": {
								"north": {"uv": [43, 34], "uv_size": [0.5, 0.5]},
								"east": {"uv": [35, 43], "uv_size": [0.5, 0.5]},
								"south": {"uv": [43, 35], "uv_size": [0.5, 0.5]},
								"west": {"uv": [36, 43], "uv_size": [0.5, 0.5]},
								"up": {"uv": [43, 36], "uv_size": [0.5, 0.5]},
								"down": {"uv": [37, 43.5], "uv_size": [0.5, -0.5]}
							}
						},
						{
							"origin": [-0.09, 1.13, 12.27],
							"size": [0.18, 0.18, 0.36],
							"uv": {
								"north": {"uv": [43, 37], "uv_size": [0.5, 0.5]},
								"east": {"uv": [38, 43], "uv_size": [0.5, 0.5]},
								"south": {"uv": [43, 38], "uv_size": [0.5, 0.5]},
								"west": {"uv": [39, 43], "uv_size": [0.5, 0.5]},
								"up": {"uv": [43, 39], "uv_size": [0.5, 0.5]},
								"down": {"uv": [40, 43.5], "uv_size": [0.5, -0.5]}
							}
						},
						{
							"origin": [-0.09, 1.31, 12.27],
							"size": [0.18, 0.18, 0.9],
							"uv": {
								"north": {"uv": [43, 31], "uv_size": [0.5, 0.5]},
								"east": {"uv": [32, 43], "uv_size": [0.5, 0.5]},
								"south": {"uv": [43, 32], "uv_size": [0.5, 0.5]},
								"west": {"uv": [33, 43], "uv_size": [0.5, 0.5]},
								"up": {"uv": [43, 33], "uv_size": [0.5, 0.5]},
								"down": {"uv": [34, 43.5], "uv_size": [0.5, -0.5]}
							}
						}
					]
				},
				{
					"name": "wy6",
					"parent": "35mm",
					"pivot": [0, -1.3, 12.72],
					"cubes": [
						{
							"origin": [-0.09, -1.39, 7.77],
							"size": [0.18, 0.9, 0.9],
							"uv": {
								"north": {"uv": [45, 17], "uv_size": [0.5, 0.5]},
								"east": {"uv": [18, 45], "uv_size": [0.5, 0.5]},
								"south": {"uv": [45, 18], "uv_size": [0.5, 0.5]},
								"west": {"uv": [19, 45], "uv_size": [0.5, 0.5]},
								"up": {"uv": [45, 19], "uv_size": [0.5, 0.5]},
								"down": {"uv": [20, 45.5], "uv_size": [0.5, -0.5]}
							}
						},
						{
							"origin": [-0.09, -1.2042, 7.52776],
							"size": [0.18, 0.72, 0.72],
							"pivot": [0.18, -0.7542, 7.79776],
							"rotation": [-47.5, 0, 0],
							"uv": {
								"north": {"uv": [45, 20], "uv_size": [0.5, 0.5]},
								"east": {"uv": [21, 45], "uv_size": [0.5, 0.5]},
								"south": {"uv": [45, 21], "uv_size": [0.5, 0.5]},
								"west": {"uv": [22, 45], "uv_size": [0.5, 0.5]},
								"up": {"uv": [45, 22], "uv_size": [0.5, 0.5]},
								"down": {"uv": [23, 45.5], "uv_size": [0.5, -0.5]}
							}
						},
						{
							"origin": [-0.09, -1.39, 8.67],
							"size": [0.18, 0.54, 3.6],
							"uv": {
								"north": {"uv": [45, 23], "uv_size": [0.5, 0.5]},
								"east": {"uv": [34, 3], "uv_size": [2, 0.5]},
								"south": {"uv": [24, 45], "uv_size": [0.5, 0.5]},
								"west": {"uv": [4, 34], "uv_size": [2, 0.5]},
								"up": {"uv": [6, 34], "uv_size": [0.5, 2]},
								"down": {"uv": [7, 36], "uv_size": [0.5, -2]}
							}
						},
						{
							"origin": [-0.09, -1.21094, 12.20056],
							"size": [0.18, 0.16818, 0.96926],
							"pivot": [0, -1.12094, 12.71982],
							"rotation": [-22.5, 0, 0],
							"uv": {
								"north": {"uv": [45, 24], "uv_size": [0.5, 0.5]},
								"east": {"uv": [25, 45], "uv_size": [0.5, 0.5]},
								"south": {"uv": [45, 25], "uv_size": [0.5, 0.5]},
								"west": {"uv": [26, 45], "uv_size": [0.5, 0.5]},
								"up": {"uv": [45, 26], "uv_size": [0.5, 0.5]},
								"down": {"uv": [27, 45.5], "uv_size": [0.5, -0.5]}
							}
						},
						{
							"origin": [-0.09, -1.21, 12.27],
							"size": [0.18, 0.18, 0.36],
							"uv": {
								"north": {"uv": [45, 27], "uv_size": [0.5, 0.5]},
								"east": {"uv": [28, 45], "uv_size": [0.5, 0.5]},
								"south": {"uv": [45, 28], "uv_size": [0.5, 0.5]},
								"west": {"uv": [29, 45], "uv_size": [0.5, 0.5]},
								"up": {"uv": [45, 29], "uv_size": [0.5, 0.5]},
								"down": {"uv": [30, 45.5], "uv_size": [0.5, -0.5]}
							}
						},
						{
							"origin": [-0.09, -1.39, 12.27],
							"size": [0.18, 0.18, 0.9],
							"uv": {
								"north": {"uv": [45, 30], "uv_size": [0.5, 0.5]},
								"east": {"uv": [31, 45], "uv_size": [0.5, 0.5]},
								"south": {"uv": [45, 31], "uv_size": [0.5, 0.5]},
								"west": {"uv": [32, 45], "uv_size": [0.5, 0.5]},
								"up": {"uv": [45, 32], "uv_size": [0.5, 0.5]},
								"down": {"uv": [33, 45.5], "uv_size": [0.5, -0.5]}
							}
						}
					]
				},
				{
					"name": "wy2",
					"parent": "35mm",
					"pivot": [0.72, 0.63908, 10.72296],
					"rotation": [0, 0, 45],
					"cubes": [
						{
							"origin": [0.63, 0.05, 7.77],
							"size": [0.18, 0.9, 0.9],
							"uv": {
								"north": {"uv": [43, 41], "uv_size": [0.5, 0.5]},
								"east": {"uv": [42, 43], "uv_size": [0.5, 0.5]},
								"south": {"uv": [43, 42], "uv_size": [0.5, 0.5]},
								"west": {"uv": [43, 43], "uv_size": [0.5, 0.5]},
								"up": {"uv": [0, 44], "uv_size": [0.5, 0.5]},
								"down": {"uv": [44, 0.5], "uv_size": [0.5, -0.5]}
							}
						},
						{
							"origin": [0.63, 0.0442, 7.52776],
							"size": [0.18, 0.72, 0.72],
							"pivot": [0.9, 0.3142, 7.79776],
							"rotation": [47.5, 0, 0],
							"uv": {
								"north": {"uv": [1, 44], "uv_size": [0.5, 0.5]},
								"east": {"uv": [44, 1], "uv_size": [0.5, 0.5]},
								"south": {"uv": [2, 44], "uv_size": [0.5, 0.5]},
								"west": {"uv": [44, 2], "uv_size": [0.5, 0.5]},
								"up": {"uv": [3, 44], "uv_size": [0.5, 0.5]},
								"down": {"uv": [44, 3.5], "uv_size": [0.5, -0.5]}
							}
						},
						{
							"origin": [0.63, 0.41, 8.67],
							"size": [0.18, 0.54, 3.6],
							"uv": {
								"north": {"uv": [4, 44], "uv_size": [0.5, 0.5]},
								"east": {"uv": [22, 33], "uv_size": [2, 0.5]},
								"south": {"uv": [44, 4], "uv_size": [0.5, 0.5]},
								"west": {"uv": [33, 22], "uv_size": [2, 0.5]},
								"up": {"uv": [33, 23], "uv_size": [0.5, 2]},
								"down": {"uv": [24, 35], "uv_size": [0.5, -2]}
							}
						},
						{
							"origin": [0.63, 0.60276, 12.20056],
							"size": [0.18, 0.16818, 0.96926],
							"pivot": [0.72, 0.68094, 12.71982],
							"rotation": [22.5, 0, 0],
							"uv": {
								"north": {"uv": [5, 44], "uv_size": [0.5, 0.5]},
								"east": {"uv": [44, 5], "uv_size": [0.5, 0.5]},
								"south": {"uv": [6, 44], "uv_size": [0.5, 0.5]},
								"west": {"uv": [44, 6], "uv_size": [0.5, 0.5]},
								"up": {"uv": [7, 44], "uv_size": [0.5, 0.5]},
								"down": {"uv": [44, 7.5], "uv_size": [0.5, -0.5]}
							}
						},
						{
							"origin": [0.63, 0.59, 12.27],
							"size": [0.18, 0.18, 0.36],
							"uv": {
								"north": {"uv": [8, 44], "uv_size": [0.5, 0.5]},
								"east": {"uv": [44, 8], "uv_size": [0.5, 0.5]},
								"south": {"uv": [9, 44], "uv_size": [0.5, 0.5]},
								"west": {"uv": [44, 9], "uv_size": [0.5, 0.5]},
								"up": {"uv": [10, 44], "uv_size": [0.5, 0.5]},
								"down": {"uv": [44, 10.5], "uv_size": [0.5, -0.5]}
							}
						},
						{
							"origin": [0.63, 0.77, 12.27],
							"size": [0.18, 0.18, 0.9],
							"uv": {
								"north": {"uv": [11, 44], "uv_size": [0.5, 0.5]},
								"east": {"uv": [44, 11], "uv_size": [0.5, 0.5]},
								"south": {"uv": [12, 44], "uv_size": [0.5, 0.5]},
								"west": {"uv": [44, 12], "uv_size": [0.5, 0.5]},
								"up": {"uv": [13, 44], "uv_size": [0.5, 0.5]},
								"down": {"uv": [44, 13.5], "uv_size": [0.5, -0.5]}
							}
						}
					]
				},
				{
					"name": "wy3",
					"parent": "35mm",
					"pivot": [-0.72, 0.63908, 10.72296],
					"rotation": [0, 0, -45],
					"cubes": [
						{
							"origin": [-0.81, 0.05, 7.77],
							"size": [0.18, 0.9, 0.9],
							"uv": {
								"north": {"uv": [14, 44], "uv_size": [0.5, 0.5]},
								"east": {"uv": [44, 14], "uv_size": [0.5, 0.5]},
								"south": {"uv": [15, 44], "uv_size": [0.5, 0.5]},
								"west": {"uv": [44, 15], "uv_size": [0.5, 0.5]},
								"up": {"uv": [16, 44], "uv_size": [0.5, 0.5]},
								"down": {"uv": [44, 16.5], "uv_size": [0.5, -0.5]}
							}
						},
						{
							"origin": [-0.81, 0.0442, 7.52776],
							"size": [0.18, 0.72, 0.72],
							"pivot": [-0.9, 0.3142, 7.79776],
							"rotation": [47.5, 0, 0],
							"uv": {
								"north": {"uv": [17, 44], "uv_size": [0.5, 0.5]},
								"east": {"uv": [44, 17], "uv_size": [0.5, 0.5]},
								"south": {"uv": [18, 44], "uv_size": [0.5, 0.5]},
								"west": {"uv": [44, 18], "uv_size": [0.5, 0.5]},
								"up": {"uv": [19, 44], "uv_size": [0.5, 0.5]},
								"down": {"uv": [44, 19.5], "uv_size": [0.5, -0.5]}
							}
						},
						{
							"origin": [-0.81, 0.41, 8.67],
							"size": [0.18, 0.54, 3.6],
							"uv": {
								"north": {"uv": [20, 44], "uv_size": [0.5, 0.5]},
								"east": {"uv": [33, 25], "uv_size": [2, 0.5]},
								"south": {"uv": [44, 20], "uv_size": [0.5, 0.5]},
								"west": {"uv": [33, 26], "uv_size": [2, 0.5]},
								"up": {"uv": [33, 27], "uv_size": [0.5, 2]},
								"down": {"uv": [33, 31], "uv_size": [0.5, -2]}
							}
						},
						{
							"origin": [-0.81, 0.60276, 12.20056],
							"size": [0.18, 0.16818, 0.96926],
							"pivot": [-0.72, 0.68094, 12.71982],
							"rotation": [22.5, 0, 0],
							"uv": {
								"north": {"uv": [21, 44], "uv_size": [0.5, 0.5]},
								"east": {"uv": [44, 21], "uv_size": [0.5, 0.5]},
								"south": {"uv": [22, 44], "uv_size": [0.5, 0.5]},
								"west": {"uv": [44, 22], "uv_size": [0.5, 0.5]},
								"up": {"uv": [23, 44], "uv_size": [0.5, 0.5]},
								"down": {"uv": [44, 23.5], "uv_size": [0.5, -0.5]}
							}
						},
						{
							"origin": [-0.81, 0.59, 12.27],
							"size": [0.18, 0.18, 0.36],
							"uv": {
								"north": {"uv": [24, 44], "uv_size": [0.5, 0.5]},
								"east": {"uv": [44, 24], "uv_size": [0.5, 0.5]},
								"south": {"uv": [25, 44], "uv_size": [0.5, 0.5]},
								"west": {"uv": [44, 25], "uv_size": [0.5, 0.5]},
								"up": {"uv": [26, 44], "uv_size": [0.5, 0.5]},
								"down": {"uv": [44, 26.5], "uv_size": [0.5, -0.5]}
							}
						},
						{
							"origin": [-0.81, 0.77, 12.27],
							"size": [0.18, 0.18, 0.9],
							"uv": {
								"north": {"uv": [27, 44], "uv_size": [0.5, 0.5]},
								"east": {"uv": [44, 27], "uv_size": [0.5, 0.5]},
								"south": {"uv": [28, 44], "uv_size": [0.5, 0.5]},
								"west": {"uv": [44, 28], "uv_size": [0.5, 0.5]},
								"up": {"uv": [29, 44], "uv_size": [0.5, 0.5]},
								"down": {"uv": [44, 29.5], "uv_size": [0.5, -0.5]}
							}
						}
					]
				},
				{
					"name": "wy4",
					"parent": "35mm",
					"pivot": [-0.72, -0.53908, 10.72296],
					"rotation": [0, 0, 45],
					"cubes": [
						{
							"origin": [-0.81, -0.85, 7.77],
							"size": [0.18, 0.9, 0.9],
							"uv": {
								"north": {"uv": [30, 44], "uv_size": [0.5, 0.5]},
								"east": {"uv": [44, 30], "uv_size": [0.5, 0.5]},
								"south": {"uv": [31, 44], "uv_size": [0.5, 0.5]},
								"west": {"uv": [44, 31], "uv_size": [0.5, 0.5]},
								"up": {"uv": [32, 44], "uv_size": [0.5, 0.5]},
								"down": {"uv": [44, 32.5], "uv_size": [0.5, -0.5]}
							}
						},
						{
							"origin": [-0.81, -0.6642, 7.52776],
							"size": [0.18, 0.72, 0.72],
							"pivot": [-0.9, -0.2142, 7.79776],
							"rotation": [-47.5, 0, 0],
							"uv": {
								"north": {"uv": [33, 44], "uv_size": [0.5, 0.5]},
								"east": {"uv": [44, 33], "uv_size": [0.5, 0.5]},
								"south": {"uv": [34, 44], "uv_size": [0.5, 0.5]},
								"west": {"uv": [44, 34], "uv_size": [0.5, 0.5]},
								"up": {"uv": [35, 44], "uv_size": [0.5, 0.5]},
								"down": {"uv": [44, 35.5], "uv_size": [0.5, -0.5]}
							}
						},
						{
							"origin": [-0.81, -0.85, 8.67],
							"size": [0.18, 0.54, 3.6],
							"uv": {
								"north": {"uv": [36, 44], "uv_size": [0.5, 0.5]},
								"east": {"uv": [30, 33], "uv_size": [2, 0.5]},
								"south": {"uv": [44, 36], "uv_size": [0.5, 0.5]},
								"west": {"uv": [33, 31], "uv_size": [2, 0.5]},
								"up": {"uv": [32, 33], "uv_size": [0.5, 2]},
								"down": {"uv": [33, 34], "uv_size": [0.5, -2]}
							}
						},
						{
							"origin": [-0.81, -0.67094, 12.20056],
							"size": [0.18, 0.16818, 0.96926],
							"pivot": [-0.72, -0.58094, 12.71982],
							"rotation": [-22.5, 0, 0],
							"uv": {
								"north": {"uv": [37, 44], "uv_size": [0.5, 0.5]},
								"east": {"uv": [44, 37], "uv_size": [0.5, 0.5]},
								"south": {"uv": [38, 44], "uv_size": [0.5, 0.5]},
								"west": {"uv": [44, 38], "uv_size": [0.5, 0.5]},
								"up": {"uv": [39, 44], "uv_size": [0.5, 0.5]},
								"down": {"uv": [44, 39.5], "uv_size": [0.5, -0.5]}
							}
						},
						{
							"origin": [-0.81, -0.67, 12.27],
							"size": [0.18, 0.18, 0.36],
							"uv": {
								"north": {"uv": [40, 44], "uv_size": [0.5, 0.5]},
								"east": {"uv": [44, 40], "uv_size": [0.5, 0.5]},
								"south": {"uv": [41, 44], "uv_size": [0.5, 0.5]},
								"west": {"uv": [44, 41], "uv_size": [0.5, 0.5]},
								"up": {"uv": [42, 44], "uv_size": [0.5, 0.5]},
								"down": {"uv": [44, 42.5], "uv_size": [0.5, -0.5]}
							}
						},
						{
							"origin": [-0.81, -0.85, 12.27],
							"size": [0.18, 0.18, 0.9],
							"uv": {
								"north": {"uv": [43, 44], "uv_size": [0.5, 0.5]},
								"east": {"uv": [44, 43], "uv_size": [0.5, 0.5]},
								"south": {"uv": [44, 44], "uv_size": [0.5, 0.5]},
								"west": {"uv": [0, 45], "uv_size": [0.5, 0.5]},
								"up": {"uv": [45, 0], "uv_size": [0.5, 0.5]},
								"down": {"uv": [1, 45.5], "uv_size": [0.5, -0.5]}
							}
						}
					]
				},
				{
					"name": "wy5",
					"parent": "35mm",
					"pivot": [0.72, -0.53908, 10.72296],
					"rotation": [0, 0, -45],
					"cubes": [
						{
							"origin": [0.63, -0.85, 7.77],
							"size": [0.18, 0.9, 0.9],
							"uv": {
								"north": {"uv": [45, 1], "uv_size": [0.5, 0.5]},
								"east": {"uv": [2, 45], "uv_size": [0.5, 0.5]},
								"south": {"uv": [45, 2], "uv_size": [0.5, 0.5]},
								"west": {"uv": [3, 45], "uv_size": [0.5, 0.5]},
								"up": {"uv": [45, 3], "uv_size": [0.5, 0.5]},
								"down": {"uv": [4, 45.5], "uv_size": [0.5, -0.5]}
							}
						},
						{
							"origin": [0.63, -0.6642, 7.52776],
							"size": [0.18, 0.72, 0.72],
							"pivot": [0.9, -0.2142, 7.79776],
							"rotation": [-47.5, 0, 0],
							"uv": {
								"north": {"uv": [45, 4], "uv_size": [0.5, 0.5]},
								"east": {"uv": [5, 45], "uv_size": [0.5, 0.5]},
								"south": {"uv": [45, 5], "uv_size": [0.5, 0.5]},
								"west": {"uv": [6, 45], "uv_size": [0.5, 0.5]},
								"up": {"uv": [45, 6], "uv_size": [0.5, 0.5]},
								"down": {"uv": [7, 45.5], "uv_size": [0.5, -0.5]}
							}
						},
						{
							"origin": [0.63, -0.85, 8.67],
							"size": [0.18, 0.54, 3.6],
							"uv": {
								"north": {"uv": [45, 7], "uv_size": [0.5, 0.5]},
								"east": {"uv": [0, 34], "uv_size": [2, 0.5]},
								"south": {"uv": [8, 45], "uv_size": [0.5, 0.5]},
								"west": {"uv": [34, 0], "uv_size": [2, 0.5]},
								"up": {"uv": [2, 34], "uv_size": [0.5, 2]},
								"down": {"uv": [3, 36], "uv_size": [0.5, -2]}
							}
						},
						{
							"origin": [0.63, -0.67094, 12.20056],
							"size": [0.18, 0.16818, 0.96926],
							"pivot": [0.72, -0.58094, 12.71982],
							"rotation": [-22.5, 0, 0],
							"uv": {
								"north": {"uv": [45, 8], "uv_size": [0.5, 0.5]},
								"east": {"uv": [9, 45], "uv_size": [0.5, 0.5]},
								"south": {"uv": [45, 9], "uv_size": [0.5, 0.5]},
								"west": {"uv": [10, 45], "uv_size": [0.5, 0.5]},
								"up": {"uv": [45, 10], "uv_size": [0.5, 0.5]},
								"down": {"uv": [11, 45.5], "uv_size": [0.5, -0.5]}
							}
						},
						{
							"origin": [0.63, -0.67, 12.27],
							"size": [0.18, 0.18, 0.36],
							"uv": {
								"north": {"uv": [45, 11], "uv_size": [0.5, 0.5]},
								"east": {"uv": [12, 45], "uv_size": [0.5, 0.5]},
								"south": {"uv": [45, 12], "uv_size": [0.5, 0.5]},
								"west": {"uv": [13, 45], "uv_size": [0.5, 0.5]},
								"up": {"uv": [45, 13], "uv_size": [0.5, 0.5]},
								"down": {"uv": [14, 45.5], "uv_size": [0.5, -0.5]}
							}
						},
						{
							"origin": [0.63, -0.85, 12.27],
							"size": [0.18, 0.18, 0.9],
							"uv": {
								"north": {"uv": [45, 14], "uv_size": [0.5, 0.5]},
								"east": {"uv": [15, 45], "uv_size": [0.5, 0.5]},
								"south": {"uv": [45, 15], "uv_size": [0.5, 0.5]},
								"west": {"uv": [16, 45], "uv_size": [0.5, 0.5]},
								"up": {"uv": [45, 16], "uv_size": [0.5, 0.5]},
								"down": {"uv": [17, 45.5], "uv_size": [0.5, -0.5]}
							}
						}
					]
				}
			]
		}
	]
}