{
	"format_version": "1.12.0",
	"minecraft:geometry": [
		{
			"description": {
				"identifier": "geometry.unknown",
				"texture_width": 32,
				"texture_height": 32,
				"visible_bounds_width": 4,
				"visible_bounds_height": 1.5,
				"visible_bounds_offset": [0, 0.25, 0]
			},
			"bones": [
				{
					"name": "stock",
					"pivot": [0, 0, 0],
					"cubes": [
						{
							"origin": [-0.3125, -0.8125, 0.0125],
							"size": [0.625, 1.75, 3.6875],
							"inflate": 0.003,
							"uv": {
								"north": {"uv": [12, 8], "uv_size": [0.5, 2]},
								"east": {"uv": [0, 0], "uv_size": [3.5, 2]},
								"south": {"uv": [12, 10], "uv_size": [0.5, 2]},
								"west": {"uv": [0, 2], "uv_size": [3.5, 2]},
								"up": {"uv": [10, 11], "uv_size": [0.5, 3.5]},
								"down": {"uv": [11, 14.5], "uv_size": [0.5, -3.5]}
							}
						},
						{
							"origin": [0.3125, -0.8125, 0.075],
							"size": [0.0625, 1.75, 0.1875],
							"inflate": 0.003,
							"uv": {
								"north": {"uv": [12, 12], "uv_size": [0.5, 2]},
								"east": {"uv": [0, 13], "uv_size": [0.5, 2]},
								"south": {"uv": [1, 13], "uv_size": [0.5, 2]},
								"west": {"uv": [2, 13], "uv_size": [0.5, 2]},
								"up": {"uv": [13, 18], "uv_size": [0.5, 0.5]},
								"down": {"uv": [18, 13.5], "uv_size": [0.5, -0.5]}
							}
						},
						{
							"origin": [0.28607, -0.8125, 0.25706],
							"size": [0.0625, 1.75, 0.5625],
							"inflate": 0.003,
							"pivot": [0.31732, 0.0625, 0.47581],
							"rotation": [0, -7, 0],
							"uv": {
								"north": {"uv": [3, 13], "uv_size": [0.5, 2]},
								"east": {"uv": [13, 3], "uv_size": [0.5, 2]},
								"south": {"uv": [13, 5], "uv_size": [0.5, 2]},
								"west": {"uv": [13, 7], "uv_size": [0.5, 2]},
								"up": {"uv": [14, 18], "uv_size": [0.5, 0.5]},
								"down": {"uv": [18, 14.5], "uv_size": [0.5, -0.5]}
							}
						},
						{
							"origin": [-0.34857, -0.8125, 0.25706],
							"size": [0.0625, 1.75, 0.5625],
							"inflate": 0.003,
							"pivot": [-0.31732, 0.0625, 0.47581],
							"rotation": [0, 7, 0],
							"uv": {
								"north": {"uv": [8, 13], "uv_size": [0.5, 2]},
								"east": {"uv": [9, 13], "uv_size": [0.5, 2]},
								"south": {"uv": [13, 9], "uv_size": [0.5, 2]},
								"west": {"uv": [13, 11], "uv_size": [0.5, 2]},
								"up": {"uv": [15, 18], "uv_size": [0.5, 0.5]},
								"down": {"uv": [18, 15.5], "uv_size": [0.5, -0.5]}
							}
						},
						{
							"origin": [-0.375, -0.8125, 0.075],
							"size": [0.0625, 1.75, 0.1875],
							"inflate": 0.003,
							"uv": {
								"north": {"uv": [13, 13], "uv_size": [0.5, 2]},
								"east": {"uv": [14, 0], "uv_size": [0.5, 2]},
								"south": {"uv": [14, 2], "uv_size": [0.5, 2]},
								"west": {"uv": [4, 14], "uv_size": [0.5, 2]},
								"up": {"uv": [16, 18], "uv_size": [0.5, 0.5]},
								"down": {"uv": [18, 16.5], "uv_size": [0.5, -0.5]}
							}
						},
						{
							"origin": [0.3125, -0.8125, 2.95],
							"size": [0.1875, 1.75, 0.75],
							"inflate": 0.003,
							"uv": {
								"north": {"uv": [14, 4], "uv_size": [0.5, 2]},
								"east": {"uv": [9, 7], "uv_size": [1, 2]},
								"south": {"uv": [5, 14], "uv_size": [0.5, 2]},
								"west": {"uv": [8, 9], "uv_size": [1, 2]},
								"up": {"uv": [17, 7], "uv_size": [0.5, 1]},
								"down": {"uv": [9, 18], "uv_size": [0.5, -1]}
							}
						},
						{
							"origin": [0.2218, -0.8125, 1.40452],
							"size": [0.1875, 1.75, 1.5625],
							"inflate": 0.003,
							"pivot": [0.31555, 0.0625, 2.21702],
							"rotation": [0, 7, 0],
							"uv": {
								"north": {"uv": [6, 14], "uv_size": [0.5, 2]},
								"east": {"uv": [6, 0], "uv_size": [1.5, 2]},
								"south": {"uv": [14, 6], "uv_size": [0.5, 2]},
								"west": {"uv": [6, 2], "uv_size": [1.5, 2]},
								"up": {"uv": [6, 16], "uv_size": [0.5, 1.5]},
								"down": {"uv": [16, 7.5], "uv_size": [0.5, -1.5]}
							}
						},
						{
							"origin": [-0.4093, -0.8125, 1.40452],
							"size": [0.1875, 1.75, 1.5625],
							"inflate": 0.003,
							"pivot": [-0.31555, 0.0625, 2.21702],
							"rotation": [0, -7, 0],
							"uv": {
								"north": {"uv": [14, 8], "uv_size": [0.5, 2]},
								"east": {"uv": [4, 6], "uv_size": [1.5, 2]},
								"south": {"uv": [14, 10], "uv_size": [0.5, 2]},
								"west": {"uv": [6, 6], "uv_size": [1.5, 2]},
								"up": {"uv": [7, 16], "uv_size": [0.5, 1.5]},
								"down": {"uv": [8, 17.5], "uv_size": [0.5, -1.5]}
							}
						},
						{
							"origin": [-0.5, -0.8125, 2.95],
							"size": [0.1875, 1.75, 0.75],
							"inflate": 0.003,
							"uv": {
								"north": {"uv": [12, 14], "uv_size": [0.5, 2]},
								"east": {"uv": [9, 9], "uv_size": [1, 2]},
								"south": {"uv": [14, 12], "uv_size": [0.5, 2]},
								"west": {"uv": [10, 4], "uv_size": [1, 2]},
								"up": {"uv": [10, 17], "uv_size": [0.5, 1]},
								"down": {"uv": [11, 18], "uv_size": [0.5, -1]}
							}
						},
						{
							"origin": [-0.5, 0.69746, 8.84644],
							"size": [1, 1, 2.6875],
							"inflate": 0.003,
							"uv": {
								"north": {"uv": [14, 14], "uv_size": [1, 1]},
								"east": {"uv": [9, 2], "uv_size": [2.5, 1]},
								"south": {"uv": [0, 15], "uv_size": [1, 1]},
								"west": {"uv": [9, 6], "uv_size": [2.5, 1]},
								"up": {"uv": [5, 9], "uv_size": [1, 2.5]},
								"down": {"uv": [6, 11.5], "uv_size": [1, -2.5]}
							}
						},
						{
							"origin": [-0.5, -1.67754, 11.90894],
							"size": [1, 2.1875, 0.3125],
							"inflate": 0.003,
							"uv": {
								"north": {"uv": [10, 7], "uv_size": [1, 2]},
								"east": {"uv": [15, 0], "uv_size": [0.5, 2]},
								"south": {"uv": [10, 9], "uv_size": [1, 2]},
								"west": {"uv": [1, 15], "uv_size": [0.5, 2]},
								"up": {"uv": [12, 17], "uv_size": [1, 0.5]},
								"down": {"uv": [13, 17.5], "uv_size": [1, -0.5]}
							}
						},
						{
							"origin": [-0.5, 0.52026, 11.29978],
							"size": [1, 1, 1.125],
							"inflate": 0.003,
							"pivot": [0, 1.02026, 11.86228],
							"rotation": [-22.5, 0, 0],
							"uv": {
								"north": {"uv": [2, 15], "uv_size": [1, 1]},
								"east": {"uv": [15, 2], "uv_size": [1, 1]},
								"south": {"uv": [3, 15], "uv_size": [1, 1]},
								"west": {"uv": [15, 3], "uv_size": [1, 1]},
								"up": {"uv": [15, 4], "uv_size": [1, 1]},
								"down": {"uv": [15, 6], "uv_size": [1, -1]}
							}
						},
						{
							"origin": [-0.5, -2.38494, 9.41713],
							"size": [1, 0.75, 3.1875],
							"inflate": 0.003,
							"uv": {
								"north": {"uv": [15, 6], "uv_size": [1, 1]},
								"east": {"uv": [7, 4], "uv_size": [3, 1]},
								"south": {"uv": [7, 15], "uv_size": [1, 1]},
								"west": {"uv": [7, 5], "uv_size": [3, 1]},
								"up": {"uv": [0, 8], "uv_size": [1, 3]},
								"down": {"uv": [8, 3], "uv_size": [1, -3]}
							}
						},
						{
							"origin": [-0.5, -1.06878, 3.30093],
							"size": [1, 1, 4.6875],
							"inflate": 0.001,
							"pivot": [0, -0.19378, 4.14468],
							"rotation": [-22.5, 0, 0],
							"uv": {
								"north": {"uv": [15, 7], "uv_size": [1, 1]},
								"east": {"uv": [2, 4], "uv_size": [4.5, 1]},
								"south": {"uv": [8, 15], "uv_size": [1, 1]},
								"west": {"uv": [2, 5], "uv_size": [4.5, 1]},
								"up": {"uv": [2, 6], "uv_size": [1, 4.5]},
								"down": {"uv": [3, 10.5], "uv_size": [1, -4.5]}
							}
						},
						{
							"origin": [-0.5, -0.12587, 3.58794],
							"size": [1, 0.75, 3],
							"inflate": 0.003,
							"pivot": [0, 0.49913, 4.43169],
							"rotation": [-22.5, 0, 0],
							"uv": {
								"north": {"uv": [15, 8], "uv_size": [1, 1]},
								"east": {"uv": [8, 3], "uv_size": [3, 1]},
								"south": {"uv": [9, 15], "uv_size": [1, 1]},
								"west": {"uv": [4, 8], "uv_size": [3, 1]},
								"up": {"uv": [1, 8], "uv_size": [1, 3]},
								"down": {"uv": [8, 9], "uv_size": [1, -3]}
							}
						},
						{
							"origin": [-0.5, -1.37587, 6.33794],
							"size": [1, 1.875, 1],
							"inflate": 0.003,
							"pivot": [0, -0.62587, 7.18169],
							"rotation": [-22.5, 0, 0],
							"uv": {
								"north": {"uv": [0, 11], "uv_size": [1, 2]},
								"east": {"uv": [1, 11], "uv_size": [1, 2]},
								"south": {"uv": [2, 11], "uv_size": [1, 2]},
								"west": {"uv": [3, 11], "uv_size": [1, 2]},
								"up": {"uv": [15, 9], "uv_size": [1, 1]},
								"down": {"uv": [10, 16], "uv_size": [1, -1]}
							}
						},
						{
							"origin": [-0.5, -0.84149, 7.24294],
							"size": [1, 0.8125, 0.875],
							"inflate": 0.001,
							"uv": {
								"north": {"uv": [15, 10], "uv_size": [1, 1]},
								"east": {"uv": [11, 15], "uv_size": [1, 1]},
								"south": {"uv": [15, 11], "uv_size": [1, 1]},
								"west": {"uv": [15, 12], "uv_size": [1, 1]},
								"up": {"uv": [13, 15], "uv_size": [1, 1]},
								"down": {"uv": [15, 14], "uv_size": [1, -1]}
							}
						},
						{
							"origin": [-0.5, -0.26208, 7.47042],
							"size": [1, 1.0625, 0.8125],
							"inflate": 0.003,
							"pivot": [0, 0.39417, 8.15792],
							"rotation": [-22.5, 0, 0],
							"uv": {
								"north": {"uv": [14, 15], "uv_size": [1, 1]},
								"east": {"uv": [15, 14], "uv_size": [1, 1]},
								"south": {"uv": [15, 15], "uv_size": [1, 1]},
								"west": {"uv": [0, 16], "uv_size": [1, 1]},
								"up": {"uv": [16, 0], "uv_size": [1, 1]},
								"down": {"uv": [16, 2], "uv_size": [1, -1]}
							}
						},
						{
							"origin": [-0.5, -1.95782, 11.63176],
							"size": [1, 0.6875, 0.3125],
							"inflate": 0.003,
							"pivot": [0, -1.61407, 11.91301],
							"rotation": [-45, 0, 0],
							"uv": {
								"north": {"uv": [14, 17], "uv_size": [1, 0.5]},
								"east": {"uv": [17, 18], "uv_size": [0.5, 0.5]},
								"south": {"uv": [15, 17], "uv_size": [1, 0.5]},
								"west": {"uv": [18, 17], "uv_size": [0.5, 0.5]},
								"up": {"uv": [16, 17], "uv_size": [1, 0.5]},
								"down": {"uv": [17, 16.5], "uv_size": [1, -0.5]}
							}
						},
						{
							"origin": [-0.6875, -2.72924, 12.18044],
							"size": [1.375, 4.21214, 0.57827],
							"inflate": 0.003,
							"uv": {
								"north": {"uv": [0, 4], "uv_size": [1.5, 4]},
								"east": {"uv": [7, 11], "uv_size": [0.5, 4]},
								"south": {"uv": [4, 0], "uv_size": [1.5, 4]},
								"west": {"uv": [11, 7], "uv_size": [0.5, 4]},
								"up": {"uv": [16, 8], "uv_size": [1.5, 0.5]},
								"down": {"uv": [9, 16.5], "uv_size": [1.5, -0.5]}
							}
						},
						{
							"origin": [-0.6875, -0.03626, 12.6594],
							"size": [1.375, 1.1875, 0.1875],
							"inflate": 0.003,
							"pivot": [0, 0.55749, 12.75315],
							"rotation": [-8, 0, 0],
							"uv": {
								"north": {"uv": [11, 5], "uv_size": [1.5, 1]},
								"east": {"uv": [17, 17], "uv_size": [0.5, 1]},
								"south": {"uv": [12, 0], "uv_size": [1.5, 1]},
								"west": {"uv": [0, 18], "uv_size": [0.5, 1]},
								"up": {"uv": [16, 9], "uv_size": [1.5, 0.5]},
								"down": {"uv": [16, 10.5], "uv_size": [1.5, -0.5]}
							}
						},
						{
							"origin": [-0.6875, -2.34876, 12.6594],
							"size": [1.375, 1, 0.25],
							"inflate": 0.003,
							"pivot": [0, -1.94251, 12.81565],
							"rotation": [14.5, 0, 0],
							"uv": {
								"north": {"uv": [12, 1], "uv_size": [1.5, 1]},
								"east": {"uv": [1, 18], "uv_size": [0.5, 1]},
								"south": {"uv": [12, 2], "uv_size": [1.5, 1]},
								"west": {"uv": [2, 18], "uv_size": [0.5, 1]},
								"up": {"uv": [11, 16], "uv_size": [1.5, 0.5]},
								"down": {"uv": [16, 11.5], "uv_size": [1.5, -0.5]}
							}
						},
						{
							"origin": [-0.6875, 1.13242, 12.74112],
							"size": [1.375, 0.125, 0.1875],
							"inflate": 0.003,
							"uv": {
								"north": {"uv": [16, 12], "uv_size": [1.5, 0.5]},
								"east": {"uv": [18, 18], "uv_size": [0.5, 0.5]},
								"south": {"uv": [13, 16], "uv_size": [1.5, 0.5]},
								"west": {"uv": [0, 19], "uv_size": [0.5, 0.5]},
								"up": {"uv": [16, 13], "uv_size": [1.5, 0.5]},
								"down": {"uv": [16, 14.5], "uv_size": [1.5, -0.5]}
							}
						},
						{
							"origin": [-0.6875, -2.49258, 12.74112],
							"size": [1.375, 0.18024, 0.26701],
							"inflate": 0.003,
							"uv": {
								"north": {"uv": [15, 16], "uv_size": [1.5, 0.5]},
								"east": {"uv": [19, 0], "uv_size": [0.5, 0.5]},
								"south": {"uv": [16, 15], "uv_size": [1.5, 0.5]},
								"west": {"uv": [1, 19], "uv_size": [0.5, 0.5]},
								"up": {"uv": [0, 17], "uv_size": [1.5, 0.5]},
								"down": {"uv": [17, 0.5], "uv_size": [1.5, -0.5]}
							}
						},
						{
							"origin": [-0.6875, -2.70647, 12.7165],
							"size": [1.375, 0.33469, 0.26701],
							"inflate": 0.003,
							"pivot": [0, -2.4619, 12.85],
							"rotation": [-45, 0, 0],
							"uv": {
								"north": {"uv": [17, 1], "uv_size": [1.5, 0.5]},
								"east": {"uv": [19, 1], "uv_size": [0.5, 0.5]},
								"south": {"uv": [2, 17], "uv_size": [1.5, 0.5]},
								"west": {"uv": [2, 19], "uv_size": [0.5, 0.5]},
								"up": {"uv": [17, 2], "uv_size": [1.5, 0.5]},
								"down": {"uv": [17, 3.5], "uv_size": [1.5, -0.5]}
							}
						},
						{
							"origin": [-0.6875, 1.15451, 12.61994],
							"size": [1.375, 0.19994, 0.28233],
							"inflate": 0.003,
							"pivot": [0, 1.27951, 12.81813],
							"rotation": [-53, 0, 0],
							"uv": {
								"north": {"uv": [4, 17], "uv_size": [1.5, 0.5]},
								"east": {"uv": [19, 2], "uv_size": [0.5, 0.5]},
								"south": {"uv": [17, 4], "uv_size": [1.5, 0.5]},
								"west": {"uv": [3, 19], "uv_size": [0.5, 0.5]},
								"up": {"uv": [17, 5], "uv_size": [1.5, 0.5]},
								"down": {"uv": [17, 6.5], "uv_size": [1.5, -0.5]}
							}
						},
						{
							"origin": [-0.5, -1.90399, 7.24294],
							"size": [1, 1.4375, 1.125],
							"inflate": 0.003,
							"pivot": [0, -1.34149, 7.96169],
							"rotation": [32, 0, 0],
							"uv": {
								"north": {"uv": [4, 12], "uv_size": [1, 1.5]},
								"east": {"uv": [5, 12], "uv_size": [1, 1.5]},
								"south": {"uv": [6, 12], "uv_size": [1, 1.5]},
								"west": {"uv": [12, 6], "uv_size": [1, 1.5]},
								"up": {"uv": [2, 16], "uv_size": [1, 1]},
								"down": {"uv": [16, 3], "uv_size": [1, -1]}
							}
						},
						{
							"origin": [-0.5, -2.29201, 7.42704],
							"size": [1, 0.75, 2.0625],
							"inflate": 0.003,
							"pivot": [0, -1.66701, 8.27079],
							"rotation": [-4.5, 0, 0],
							"uv": {
								"north": {"uv": [3, 16], "uv_size": [1, 1]},
								"east": {"uv": [11, 3], "uv_size": [2, 1]},
								"south": {"uv": [16, 3], "uv_size": [1, 1]},
								"west": {"uv": [11, 4], "uv_size": [2, 1]},
								"up": {"uv": [8, 11], "uv_size": [1, 2]},
								"down": {"uv": [9, 13], "uv_size": [1, -2]}
							}
						},
						{
							"origin": [-0.5, -2.40504, 7.29081],
							"size": [1, 0.375, 0.75],
							"inflate": 0.003,
							"pivot": [0, -2.21754, 7.54081],
							"rotation": [18, 0, 0],
							"uv": {
								"north": {"uv": [3, 18], "uv_size": [1, 0.5]},
								"east": {"uv": [19, 3], "uv_size": [0.5, 0.5]},
								"south": {"uv": [4, 18], "uv_size": [1, 0.5]},
								"west": {"uv": [4, 19], "uv_size": [0.5, 0.5]},
								"up": {"uv": [5, 18], "uv_size": [1, 0.5]},
								"down": {"uv": [6, 18.5], "uv_size": [1, -0.5]}
							}
						},
						{
							"origin": [-0.5, -2.46754, 11.72831],
							"size": [1, 0.25, 0.625],
							"inflate": 0.003,
							"pivot": [0, -2.28004, 11.85331],
							"rotation": [-27, 0, 0],
							"uv": {
								"north": {"uv": [7, 18], "uv_size": [1, 0.5]},
								"east": {"uv": [19, 4], "uv_size": [0.5, 0.5]},
								"south": {"uv": [18, 7], "uv_size": [1, 0.5]},
								"west": {"uv": [5, 19], "uv_size": [0.5, 0.5]},
								"up": {"uv": [8, 18], "uv_size": [1, 0.5]},
								"down": {"uv": [18, 8.5], "uv_size": [1, -0.5]}
							}
						},
						{
							"origin": [-0.5, -0.19378, 5.67593],
							"size": [1, 1, 3.1875],
							"inflate": 0.003,
							"pivot": [0, -0.06878, 6.51968],
							"rotation": [22.5, 0, 0],
							"uv": {
								"north": {"uv": [4, 16], "uv_size": [1, 1]},
								"east": {"uv": [9, 0], "uv_size": [3, 1]},
								"south": {"uv": [16, 4], "uv_size": [1, 1]},
								"west": {"uv": [9, 1], "uv_size": [3, 1]},
								"up": {"uv": [7, 8], "uv_size": [1, 3]},
								"down": {"uv": [4, 12], "uv_size": [1, -3]}
							}
						},
						{
							"origin": [-0.5, 0.13879, 5.14673],
							"size": [1, 0.25, 0.5],
							"inflate": 0.003,
							"pivot": [0, -0.48621, 5.24048],
							"rotation": [10, 0, 0],
							"uv": {
								"north": {"uv": [9, 18], "uv_size": [1, 0.5]},
								"east": {"uv": [19, 5], "uv_size": [0.5, 0.5]},
								"south": {"uv": [18, 9], "uv_size": [1, 0.5]},
								"west": {"uv": [6, 19], "uv_size": [0.5, 0.5]},
								"up": {"uv": [10, 18], "uv_size": [1, 0.5]},
								"down": {"uv": [18, 10.5], "uv_size": [1, -0.5]}
							}
						},
						{
							"origin": [-0.5, 0.74587, 8.45052],
							"size": [1, 1, 0.5],
							"inflate": 0.003,
							"pivot": [0, 0.87087, 9.29427],
							"rotation": [7, 0, 0],
							"uv": {
								"north": {"uv": [5, 16], "uv_size": [1, 1]},
								"east": {"uv": [11, 18], "uv_size": [0.5, 1]},
								"south": {"uv": [16, 5], "uv_size": [1, 1]},
								"west": {"uv": [18, 11], "uv_size": [0.5, 1]},
								"up": {"uv": [12, 18], "uv_size": [1, 0.5]},
								"down": {"uv": [18, 12.5], "uv_size": [1, -0.5]}
							}
						}
					]
				}
			]
		}
	]
}