{
	"format_version": "1.12.0",
	"minecraft:geometry": [
		{
			"description": {
				"identifier": "geometry.unknown",
				"texture_width": 32,
				"texture_height": 32,
				"visible_bounds_width": 3,
				"visible_bounds_height": 1.5,
				"visible_bounds_offset": [0, 0.25, 0]
			},
			"bones": [
				{
					"name": "stock",
					"pivot": [0, 0, 0],
					"cubes": [
						{
							"origin": [-0.5, -0.54928, -0.22697],
							"size": [1, 1, 1.25],
							"uv": {
								"north": {"uv": [5, 10], "uv_size": [1, 1]},
								"east": {"uv": [8, 4], "uv_size": [1.5, 1]},
								"south": {"uv": [8, 10], "uv_size": [1, 1]},
								"west": {"uv": [8, 5], "uv_size": [1.5, 1]},
								"up": {"uv": [8, 8], "uv_size": [1, 1.5]},
								"down": {"uv": [9, 1.5], "uv_size": [1, -1.5]}
							}
						},
						{
							"origin": [-0.75, -0.29928, 0.71053],
							"size": [1.5, 0.375, 0.375],
							"pivot": [0, -0.04928, 0.96053],
							"rotation": [-45, 0, 0],
							"uv": {
								"north": {"uv": [11, 0], "uv_size": [1.5, 0.5]},
								"east": {"uv": [15, 11], "uv_size": [0.5, 0.5]},
								"south": {"uv": [11, 1], "uv_size": [1.5, 0.5]},
								"west": {"uv": [12, 15], "uv_size": [0.5, 0.5]},
								"up": {"uv": [11, 2], "uv_size": [1.5, 0.5]},
								"down": {"uv": [11, 3.5], "uv_size": [1.5, -0.5]}
							}
						},
						{
							"origin": [-1, -1.73678, 12.21053],
							"size": [2, 0.5625, 0.5625],
							"pivot": [0, -1.48678, 12.46053],
							"rotation": [-45, 0, 0],
							"uv": {
								"north": {"uv": [10, 8], "uv_size": [2, 0.5]},
								"east": {"uv": [15, 12], "uv_size": [0.5, 0.5]},
								"south": {"uv": [9, 10], "uv_size": [2, 0.5]},
								"west": {"uv": [13, 15], "uv_size": [0.5, 0.5]},
								"up": {"uv": [10, 9], "uv_size": [2, 0.5]},
								"down": {"uv": [0, 11.5], "uv_size": [2, -0.5]}
							}
						},
						{
							"origin": [0.5, -2.23678, 12.49714],
							"size": [0.375, 1.625, 0.375],
							"uv": {
								"north": {"uv": [11, 4], "uv_size": [0.5, 1.5]},
								"east": {"uv": [5, 11], "uv_size": [0.5, 1.5]},
								"south": {"uv": [8, 11], "uv_size": [0.5, 1.5]},
								"west": {"uv": [9, 11], "uv_size": [0.5, 1.5]},
								"up": {"uv": [15, 13], "uv_size": [0.5, 0.5]},
								"down": {"uv": [14, 15.5], "uv_size": [0.5, -0.5]}
							}
						},
						{
							"origin": [-0.875, -2.23678, 12.49714],
							"size": [0.375, 1.625, 0.375],
							"uv": {
								"north": {"uv": [10, 11], "uv_size": [0.5, 1.5]},
								"east": {"uv": [11, 10], "uv_size": [0.5, 1.5]},
								"south": {"uv": [0, 12], "uv_size": [0.5, 1.5]},
								"west": {"uv": [1, 12], "uv_size": [0.5, 1.5]},
								"up": {"uv": [15, 14], "uv_size": [0.5, 0.5]},
								"down": {"uv": [15, 15.5], "uv_size": [0.5, -0.5]}
							}
						},
						{
							"origin": [-0.09762, -3.79389, 12.61741],
							"size": [0.875, 1.625, 0.375],
							"pivot": [0.58988, -2.98139, 12.80491],
							"rotation": [8.934, -1.09239, 6.91466],
							"uv": {
								"north": {"uv": [9, 8], "uv_size": [1, 1.5]},
								"east": {"uv": [4, 12], "uv_size": [0.5, 1.5]},
								"south": {"uv": [10, 0], "uv_size": [1, 1.5]},
								"west": {"uv": [12, 4], "uv_size": [0.5, 1.5]},
								"up": {"uv": [7, 12], "uv_size": [1, 0.5]},
								"down": {"uv": [5, 13.5], "uv_size": [1, -0.5]}
							}
						},
						{
							"origin": [-0.77738, -3.79389, 12.61741],
							"size": [0.88795, 1.62341, 0.375],
							"pivot": [-0.58988, -2.98139, 12.80491],
							"rotation": [8.934, 1.09239, -6.91466],
							"uv": {
								"north": {"uv": [4, 10], "uv_size": [1, 1.5]},
								"east": {"uv": [6, 12], "uv_size": [0.5, 1.5]},
								"south": {"uv": [10, 4], "uv_size": [1, 1.5]},
								"west": {"uv": [12, 6], "uv_size": [0.5, 1.5]},
								"up": {"uv": [6, 14], "uv_size": [1, 0.5]},
								"down": {"uv": [7, 14.5], "uv_size": [1, -0.5]}
							}
						},
						{
							"origin": [-0.625, -0.61178, 12.49714],
							"size": [1.25, 0.25, 0.375],
							"uv": {
								"north": {"uv": [12, 8], "uv_size": [1.5, 0.5]},
								"east": {"uv": [0, 16], "uv_size": [0.5, 0.5]},
								"south": {"uv": [12, 9], "uv_size": [1.5, 0.5]},
								"west": {"uv": [16, 0], "uv_size": [0.5, 0.5]},
								"up": {"uv": [12, 10], "uv_size": [1.5, 0.5]},
								"down": {"uv": [11, 12.5], "uv_size": [1.5, -0.5]}
							}
						},
						{
							"origin": [-0.625, -1.36178, 12.55964],
							"size": [1.25, 0.75, 0.25],
							"uv": {
								"north": {"uv": [10, 6], "uv_size": [1.5, 1]},
								"east": {"uv": [8, 14], "uv_size": [0.5, 1]},
								"south": {"uv": [10, 7], "uv_size": [1.5, 1]},
								"west": {"uv": [14, 8], "uv_size": [0.5, 1]},
								"up": {"uv": [12, 11], "uv_size": [1.5, 0.5]},
								"down": {"uv": [13, 0.5], "uv_size": [1.5, -0.5]}
							}
						},
						{
							"origin": [-0.625, -1.29928, 12.49714],
							"size": [1.25, 0.4375, 0.1875],
							"pivot": [0, -1.08053, 12.59089],
							"rotation": [-22.5, 0, 0],
							"uv": {
								"north": {"uv": [13, 1], "uv_size": [1.5, 0.5]},
								"east": {"uv": [1, 16], "uv_size": [0.5, 0.5]},
								"south": {"uv": [2, 13], "uv_size": [1.5, 0.5]},
								"west": {"uv": [16, 1], "uv_size": [0.5, 0.5]},
								"up": {"uv": [13, 2], "uv_size": [1.5, 0.5]},
								"down": {"uv": [13, 3.5], "uv_size": [1.5, -0.5]}
							}
						},
						{
							"origin": [-0.625, -2.23678, 12.43464],
							"size": [1.25, 0.5625, 0.1875],
							"pivot": [0, -1.95553, 12.52839],
							"rotation": [22.5, 0, 0],
							"uv": {
								"north": {"uv": [13, 4], "uv_size": [1.5, 0.5]},
								"east": {"uv": [2, 16], "uv_size": [0.5, 0.5]},
								"south": {"uv": [13, 5], "uv_size": [1.5, 0.5]},
								"west": {"uv": [16, 2], "uv_size": [0.5, 0.5]},
								"up": {"uv": [13, 6], "uv_size": [1.5, 0.5]},
								"down": {"uv": [7, 13.5], "uv_size": [1.5, -0.5]}
							}
						},
						{
							"origin": [-0.625, -0.53051, 12.5307],
							"size": [1.25, 0.25, 0.25],
							"pivot": [0, -0.40551, 12.7182],
							"rotation": [22.5, 0, 0],
							"uv": {
								"north": {"uv": [13, 7], "uv_size": [1.5, 0.5]},
								"east": {"uv": [3, 16], "uv_size": [0.5, 0.5]},
								"south": {"uv": [9, 13], "uv_size": [1.5, 0.5]},
								"west": {"uv": [16, 3], "uv_size": [0.5, 0.5]},
								"up": {"uv": [11, 13], "uv_size": [1.5, 0.5]},
								"down": {"uv": [13, 12.5], "uv_size": [1.5, -0.5]}
							}
						},
						{
							"origin": [-0.67696, -3.80187, 12.72948],
							"size": [1.35392, 0.23789, 0.375],
							"pivot": [0, -3.68898, 12.91698],
							"rotation": [9, 0, 0],
							"uv": {
								"north": {"uv": [13, 13], "uv_size": [1.5, 0.5]},
								"east": {"uv": [4, 16], "uv_size": [0.5, 0.5]},
								"south": {"uv": [0, 14], "uv_size": [1.5, 0.5]},
								"west": {"uv": [16, 4], "uv_size": [0.5, 0.5]},
								"up": {"uv": [2, 14], "uv_size": [1.5, 0.5]},
								"down": {"uv": [4, 14.5], "uv_size": [1.5, -0.5]}
							}
						},
						{
							"origin": [-0.85355, -0.66356, 12.49714],
							"size": [0.35355, 0.25, 0.375],
							"pivot": [-0.625, -0.53856, 12.68464],
							"rotation": [0, 0, -45],
							"uv": {
								"north": {"uv": [5, 16], "uv_size": [0.5, 0.5]},
								"east": {"uv": [16, 5], "uv_size": [0.5, 0.5]},
								"south": {"uv": [6, 16], "uv_size": [0.5, 0.5]},
								"west": {"uv": [16, 6], "uv_size": [0.5, 0.5]},
								"up": {"uv": [7, 16], "uv_size": [0.5, 0.5]},
								"down": {"uv": [16, 7.5], "uv_size": [0.5, -0.5]}
							}
						},
						{
							"origin": [0.5, -0.66356, 12.49714],
							"size": [0.35355, 0.25, 0.375],
							"pivot": [0.625, -0.53856, 12.68464],
							"rotation": [0, 0, 45],
							"uv": {
								"north": {"uv": [8, 16], "uv_size": [0.5, 0.5]},
								"east": {"uv": [16, 8], "uv_size": [0.5, 0.5]},
								"south": {"uv": [9, 16], "uv_size": [0.5, 0.5]},
								"west": {"uv": [16, 9], "uv_size": [0.5, 0.5]},
								"up": {"uv": [10, 16], "uv_size": [0.5, 0.5]},
								"down": {"uv": [16, 10.5], "uv_size": [0.5, -0.5]}
							}
						},
						{
							"origin": [-0.5, -0.79928, 0.83553],
							"size": [1, 0.3125, 0.1875],
							"uv": {
								"north": {"uv": [9, 14], "uv_size": [1, 0.5]},
								"east": {"uv": [11, 16], "uv_size": [0.5, 0.5]},
								"south": {"uv": [14, 9], "uv_size": [1, 0.5]},
								"west": {"uv": [16, 11], "uv_size": [0.5, 0.5]},
								"up": {"uv": [10, 14], "uv_size": [1, 0.5]},
								"down": {"uv": [14, 10.5], "uv_size": [1, -0.5]}
							}
						},
						{
							"origin": [-0.5, -0.7753, 0.7686],
							"size": [1, 0.3125, 0.125],
							"pivot": [0, -0.61905, 0.86235],
							"rotation": [22.5, 0, 0],
							"uv": {
								"north": {"uv": [11, 14], "uv_size": [1, 0.5]},
								"east": {"uv": [12, 16], "uv_size": [0.5, 0.5]},
								"south": {"uv": [14, 11], "uv_size": [1, 0.5]},
								"west": {"uv": [16, 12], "uv_size": [0.5, 0.5]},
								"up": {"uv": [12, 14], "uv_size": [1, 0.5]},
								"down": {"uv": [13, 14.5], "uv_size": [1, -0.5]}
							}
						},
						{
							"origin": [-0.5, -0.54928, 1.02303],
							"size": [1, 0.625, 0.375],
							"uv": {
								"north": {"uv": [14, 14], "uv_size": [1, 0.5]},
								"east": {"uv": [13, 16], "uv_size": [0.5, 0.5]},
								"south": {"uv": [0, 15], "uv_size": [1, 0.5]},
								"west": {"uv": [16, 13], "uv_size": [0.5, 0.5]},
								"up": {"uv": [15, 0], "uv_size": [1, 0.5]},
								"down": {"uv": [1, 15.5], "uv_size": [1, -0.5]}
							}
						},
						{
							"origin": [0.5625, -0.61178, 0.83553],
							"size": [0.125, 0.375, 8.5],
							"pivot": [0.65625, -0.39303, 6.64803],
							"rotation": [-4, 0, 0],
							"uv": {
								"north": {"uv": [14, 16], "uv_size": [0.5, 0.5]},
								"east": {"uv": [0, 0], "uv_size": [8.5, 0.5]},
								"south": {"uv": [16, 14], "uv_size": [0.5, 0.5]},
								"west": {"uv": [0, 1], "uv_size": [8.5, 0.5]},
								"up": {"uv": [0, 2], "uv_size": [0.5, 8.5]},
								"down": {"uv": [1, 10.5], "uv_size": [0.5, -8.5]}
							}
						},
						{
							"origin": [-0.5625, -0.54928, 1.83553],
							"size": [1.125, 0.25, 0.125],
							"pivot": [0.03125, -0.39303, 6.64803],
							"rotation": [-4, 0, 0],
							"uv": {
								"north": {"uv": [15, 1], "uv_size": [1, 0.5]},
								"east": {"uv": [15, 16], "uv_size": [0.5, 0.5]},
								"south": {"uv": [2, 15], "uv_size": [1, 0.5]},
								"west": {"uv": [16, 15], "uv_size": [0.5, 0.5]},
								"up": {"uv": [15, 2], "uv_size": [1, 0.5]},
								"down": {"uv": [3, 15.5], "uv_size": [1, -0.5]}
							}
						},
						{
							"origin": [-0.625, -0.21967, 1.87074],
							"size": [0.125, 0.25, 0.125],
							"pivot": [-0.5625, -0.09467, 1.93324],
							"rotation": [-5.6477, -44.8606, 3.99029],
							"uv": {
								"north": {"uv": [16, 16], "uv_size": [0.5, 0.5]},
								"east": {"uv": [0, 17], "uv_size": [0.5, 0.5]},
								"south": {"uv": [17, 0], "uv_size": [0.5, 0.5]},
								"west": {"uv": [1, 17], "uv_size": [0.5, 0.5]},
								"up": {"uv": [17, 1], "uv_size": [0.5, 0.5]},
								"down": {"uv": [2, 17.5], "uv_size": [0.5, -0.5]}
							}
						},
						{
							"origin": [-0.625, -0.40371, 5.07345],
							"size": [0.125, 0.25, 0.125],
							"pivot": [-0.5625, -0.27871, 5.13595],
							"rotation": [-5.6477, -44.8606, 3.99029],
							"uv": {
								"north": {"uv": [17, 2], "uv_size": [0.5, 0.5]},
								"east": {"uv": [3, 17], "uv_size": [0.5, 0.5]},
								"south": {"uv": [17, 3], "uv_size": [0.5, 0.5]},
								"west": {"uv": [4, 17], "uv_size": [0.5, 0.5]},
								"up": {"uv": [17, 4], "uv_size": [0.5, 0.5]},
								"down": {"uv": [5, 17.5], "uv_size": [0.5, -0.5]}
							}
						},
						{
							"origin": [-0.625, -0.65371, 8.26095],
							"size": [0.125, 0.25, 0.125],
							"pivot": [-0.5625, -0.52871, 8.32345],
							"rotation": [-5.6477, -44.8606, 3.99029],
							"uv": {
								"north": {"uv": [17, 5], "uv_size": [0.5, 0.5]},
								"east": {"uv": [6, 17], "uv_size": [0.5, 0.5]},
								"south": {"uv": [17, 6], "uv_size": [0.5, 0.5]},
								"west": {"uv": [7, 17], "uv_size": [0.5, 0.5]},
								"up": {"uv": [17, 7], "uv_size": [0.5, 0.5]},
								"down": {"uv": [8, 17.5], "uv_size": [0.5, -0.5]}
							}
						},
						{
							"origin": [0.5, -0.40371, 5.07345],
							"size": [0.125, 0.25, 0.125],
							"pivot": [0.5625, -0.27871, 5.13595],
							"rotation": [-5.6477, 44.8606, -3.99029],
							"uv": {
								"north": {"uv": [17, 8], "uv_size": [0.5, 0.5]},
								"east": {"uv": [9, 17], "uv_size": [0.5, 0.5]},
								"south": {"uv": [17, 9], "uv_size": [0.5, 0.5]},
								"west": {"uv": [10, 17], "uv_size": [0.5, 0.5]},
								"up": {"uv": [17, 10], "uv_size": [0.5, 0.5]},
								"down": {"uv": [11, 17.5], "uv_size": [0.5, -0.5]}
							}
						},
						{
							"origin": [0.5, -0.65371, 8.26095],
							"size": [0.125, 0.25, 0.125],
							"pivot": [0.5625, -0.52871, 8.32345],
							"rotation": [-5.6477, 44.8606, -3.99029],
							"uv": {
								"north": {"uv": [17, 11], "uv_size": [0.5, 0.5]},
								"east": {"uv": [12, 17], "uv_size": [0.5, 0.5]},
								"south": {"uv": [17, 12], "uv_size": [0.5, 0.5]},
								"west": {"uv": [13, 17], "uv_size": [0.5, 0.5]},
								"up": {"uv": [17, 13], "uv_size": [0.5, 0.5]},
								"down": {"uv": [14, 17.5], "uv_size": [0.5, -0.5]}
							}
						},
						{
							"origin": [0.5, -0.21967, 1.87074],
							"size": [0.125, 0.25, 0.125],
							"pivot": [0.5625, -0.09467, 1.93324],
							"rotation": [-5.6477, 44.8606, -3.99029],
							"uv": {
								"north": {"uv": [17, 14], "uv_size": [0.5, 0.5]},
								"east": {"uv": [15, 17], "uv_size": [0.5, 0.5]},
								"south": {"uv": [17, 15], "uv_size": [0.5, 0.5]},
								"west": {"uv": [16, 17], "uv_size": [0.5, 0.5]},
								"up": {"uv": [17, 16], "uv_size": [0.5, 0.5]},
								"down": {"uv": [17, 17.5], "uv_size": [0.5, -0.5]}
							}
						},
						{
							"origin": [-0.5625, -0.79928, 5.08553],
							"size": [1.125, 0.3125, 0.125],
							"pivot": [0.03125, -0.64303, 9.89803],
							"rotation": [-4, 0, 0],
							"uv": {
								"north": {"uv": [15, 3], "uv_size": [1, 0.5]},
								"east": {"uv": [0, 18], "uv_size": [0.5, 0.5]},
								"south": {"uv": [4, 15], "uv_size": [1, 0.5]},
								"west": {"uv": [18, 0], "uv_size": [0.5, 0.5]},
								"up": {"uv": [15, 4], "uv_size": [1, 0.5]},
								"down": {"uv": [5, 15.5], "uv_size": [1, -0.5]}
							}
						},
						{
							"origin": [-0.5625, -0.98678, 8.27303],
							"size": [1.125, 0.25, 0.125],
							"pivot": [0.03125, -0.89303, 13.08553],
							"rotation": [-4, 0, 0],
							"uv": {
								"north": {"uv": [15, 5], "uv_size": [1, 0.5]},
								"east": {"uv": [1, 18], "uv_size": [0.5, 0.5]},
								"south": {"uv": [6, 15], "uv_size": [1, 0.5]},
								"west": {"uv": [18, 1], "uv_size": [0.5, 0.5]},
								"up": {"uv": [15, 6], "uv_size": [1, 0.5]},
								"down": {"uv": [7, 15.5], "uv_size": [1, -0.5]}
							}
						},
						{
							"origin": [0.5625, -1.24028, 9.22525],
							"size": [0.125, 0.375, 3.25],
							"pivot": [0.625, -1.05278, 10.85025],
							"rotation": [-16, 0, 0],
							"uv": {
								"north": {"uv": [2, 18], "uv_size": [0.5, 0.5]},
								"east": {"uv": [4, 4], "uv_size": [3.5, 0.5]},
								"south": {"uv": [18, 2], "uv_size": [0.5, 0.5]},
								"west": {"uv": [4, 5], "uv_size": [3.5, 0.5]},
								"up": {"uv": [4, 6], "uv_size": [0.5, 3.5]},
								"down": {"uv": [5, 9.5], "uv_size": [0.5, -3.5]}
							}
						},
						{
							"origin": [-0.6875, -1.24028, 9.22525],
							"size": [0.125, 0.375, 3.25],
							"pivot": [-0.625, -1.05278, 10.85025],
							"rotation": [-16, 0, 0],
							"uv": {
								"north": {"uv": [3, 18], "uv_size": [0.5, 0.5]},
								"east": {"uv": [6, 6], "uv_size": [3.5, 0.5]},
								"south": {"uv": [18, 3], "uv_size": [0.5, 0.5]},
								"west": {"uv": [6, 7], "uv_size": [3.5, 0.5]},
								"up": {"uv": [6, 8], "uv_size": [0.5, 3.5]},
								"down": {"uv": [7, 11.5], "uv_size": [0.5, -3.5]}
							}
						},
						{
							"origin": [-0.6875, -0.61178, 0.83553],
							"size": [0.125, 0.375, 8.5],
							"pivot": [-0.65625, -0.39303, 6.64803],
							"rotation": [-4, 0, 0],
							"uv": {
								"north": {"uv": [4, 18], "uv_size": [0.5, 0.5]},
								"east": {"uv": [2, 2], "uv_size": [8.5, 0.5]},
								"south": {"uv": [18, 4], "uv_size": [0.5, 0.5]},
								"west": {"uv": [2, 3], "uv_size": [8.5, 0.5]},
								"up": {"uv": [2, 4], "uv_size": [0.5, 8.5]},
								"down": {"uv": [3, 12.5], "uv_size": [0.5, -8.5]}
							}
						},
						{
							"origin": [-0.5, -0.77653, 1.09311],
							"size": [1, 0.4375, 0.25],
							"pivot": [0, -0.40153, 1.15561],
							"rotation": [-45, 0, 0],
							"uv": {
								"north": {"uv": [15, 7], "uv_size": [1, 0.5]},
								"east": {"uv": [5, 18], "uv_size": [0.5, 0.5]},
								"south": {"uv": [8, 15], "uv_size": [1, 0.5]},
								"west": {"uv": [18, 5], "uv_size": [0.5, 0.5]},
								"up": {"uv": [15, 8], "uv_size": [1, 0.5]},
								"down": {"uv": [9, 15.5], "uv_size": [1, -0.5]}
							}
						},
						{
							"origin": [-0.5, -0.19389, 0.80964],
							"size": [1, 0.53033, 0.3125],
							"pivot": [0, 0.27394, 0.93464],
							"rotation": [45, 0, 0],
							"uv": {
								"north": {"uv": [15, 9], "uv_size": [1, 0.5]},
								"east": {"uv": [6, 18], "uv_size": [0.5, 0.5]},
								"south": {"uv": [10, 15], "uv_size": [1, 0.5]},
								"west": {"uv": [18, 6], "uv_size": [0.5, 0.5]},
								"up": {"uv": [15, 10], "uv_size": [1, 0.5]},
								"down": {"uv": [11, 15.5], "uv_size": [1, -0.5]}
							}
						}
					]
				}
			]
		}
	]
}