{
	"format_version": "1.12.0",
	"minecraft:geometry": [
		{
			"description": {
				"identifier": "geometry.unknown",
				"texture_width": 32,
				"texture_height": 32,
				"visible_bounds_width": 4,
				"visible_bounds_height": 3,
				"visible_bounds_offset": [0, 0.5, 0]
			},
			"bones": [
				{
					"name": "root",
					"pivot": [0, 0, 0]
				},
				{
					"name": "gun_and_righthand",
					"parent": "root",
					"pivot": [0, 0, 0]
				},
				{
					"name": "righthand",
					"parent": "gun_and_righthand",
					"pivot": [6, 19, 0]
				},
				{
					"name": "righthand_pos",
					"parent": "righthand",
					"pivot": [0, 8, 0],
					"cubes": [
						{
							"origin": [4, 8, -2],
							"size": [3, 12, 4],
							"uv": {
								"north": {"uv": [0, 0], "uv_size": [4, 12]},
								"east": {"uv": [4, 0], "uv_size": [4, 12]},
								"south": {"uv": [8, 0], "uv_size": [4, 12]},
								"west": {"uv": [0, 12], "uv_size": [4, 12]},
								"up": {"uv": [16, 0], "uv_size": [4, 4]},
								"down": {"uv": [16, 8], "uv_size": [4, -4]}
							}
						}
					]
				},
				{
					"name": "mag_and_lefthand",
					"parent": "root",
					"pivot": [-5.75, 9, -2.75]
				},
				{
					"name": "bq01",
					"parent": "mag_and_lefthand",
					"pivot": [0, 9.25, 0.5],
					"rotation": [0, 180, 0]
				},
				{
					"name": "muzzle_flash",
					"parent": "bq01",
					"pivot": [0, 8.25, 1.3]
				},
				{
					"name": "body",
					"parent": "bq01",
					"pivot": [0, 0, 1],
					"cubes": [
						{
							"origin": [-0.75, 8.25, 0],
							"size": [1.5, 3.75, 1],
							"uv": {
								"north": {"uv": [0, 0], "uv_size": [1.5, 3.75]},
								"east": {"uv": [0, 4], "uv_size": [1, 3.75]},
								"south": {"uv": [2, 0], "uv_size": [1.5, 3.75]},
								"west": {"uv": [4, 0], "uv_size": [1, 3.75]},
								"up": {"uv": [6, 4], "uv_size": [1.5, 1]},
								"down": {"uv": [6, 6], "uv_size": [1.5, -1]}
							}
						},
						{
							"origin": [-0.75, 11.66976, 0.89626],
							"size": [1.5, 0.3, 0.2],
							"pivot": [0, 11.81976, 0.99626],
							"rotation": [32.5, 0, 0],
							"uv": {
								"north": {"uv": [11, 1], "uv_size": [1.5, 0.25]},
								"east": {"uv": [21, 14], "uv_size": [0.25, 0.25]},
								"south": {"uv": [11, 2], "uv_size": [1.5, 0.25]},
								"west": {"uv": [15, 21], "uv_size": [0.25, 0.25]},
								"up": {"uv": [11, 3], "uv_size": [1.5, 0.25]},
								"down": {"uv": [11, 4.25], "uv_size": [1.5, -0.25]}
							}
						},
						{
							"origin": [-0.75, 9.91976, 0.79626],
							"size": [1.5, 0.1, 0.2],
							"pivot": [0, 10.06976, 0.89626],
							"rotation": [32.5, 0, 0],
							"uv": {
								"north": {"uv": [11, 5], "uv_size": [1.5, 0.25]},
								"east": {"uv": [21, 15], "uv_size": [0.25, 0.25]},
								"south": {"uv": [11, 6], "uv_size": [1.5, 0.25]},
								"west": {"uv": [16, 21], "uv_size": [0.25, 0.25]},
								"up": {"uv": [11, 7], "uv_size": [1.5, 0.25]},
								"down": {"uv": [10, 11.25], "uv_size": [1.5, -0.25]}
							}
						},
						{
							"origin": [-0.75, 8.36976, 0.79626],
							"size": [1.5, 0.1, 0.2],
							"pivot": [0, 8.51976, 0.89626],
							"rotation": [32.5, 0, 0],
							"uv": {
								"north": {"uv": [8, 12], "uv_size": [1.5, 0.25]},
								"east": {"uv": [21, 16], "uv_size": [0.25, 0.25]},
								"south": {"uv": [12, 8], "uv_size": [1.5, 0.25]},
								"west": {"uv": [17, 21], "uv_size": [0.25, 0.25]},
								"up": {"uv": [12, 9], "uv_size": [1.5, 0.25]},
								"down": {"uv": [10, 12.25], "uv_size": [1.5, -0.25]}
							}
						},
						{
							"origin": [-0.75, 10.2242, 0.89626],
							"size": [1.5, 0.3, 0.2],
							"pivot": [0, 10.3742, 0.99626],
							"rotation": [-32.5, 0, 0],
							"uv": {
								"north": {"uv": [12, 10], "uv_size": [1.5, 0.25]},
								"east": {"uv": [21, 17], "uv_size": [0.25, 0.25]},
								"south": {"uv": [12, 11], "uv_size": [1.5, 0.25]},
								"west": {"uv": [18, 21], "uv_size": [0.25, 0.25]},
								"up": {"uv": [12, 12], "uv_size": [1.5, 0.25]},
								"down": {"uv": [13, 0.25], "uv_size": [1.5, -0.25]}
							}
						},
						{
							"origin": [-0.75, 10.44698, 0.96119],
							"size": [1.5, 1.3, 0.2],
							"uv": {
								"north": {"uv": [5, 0], "uv_size": [1.5, 1.25]},
								"east": {"uv": [10, 15], "uv_size": [0.25, 1.25]},
								"south": {"uv": [5, 2], "uv_size": [1.5, 1.25]},
								"west": {"uv": [11, 15], "uv_size": [0.25, 1.25]},
								"up": {"uv": [13, 1], "uv_size": [1.5, 0.25]},
								"down": {"uv": [13, 2.25], "uv_size": [1.5, -0.25]}
							}
						},
						{
							"origin": [-0.75, 8.44698, 0.96119],
							"size": [1.5, 1.55, 0.1],
							"uv": {
								"north": {"uv": [1, 4], "uv_size": [1.5, 1.5]},
								"east": {"uv": [0, 12], "uv_size": [0.25, 1.5]},
								"south": {"uv": [3, 4], "uv_size": [1.5, 1.5]},
								"west": {"uv": [5, 12], "uv_size": [0.25, 1.5]},
								"up": {"uv": [13, 3], "uv_size": [1.5, 0.25]},
								"down": {"uv": [13, 4.25], "uv_size": [1.5, -0.25]}
							}
						},
						{
							"origin": [-0.7488, 12, 0.25],
							"size": [1.4988, 0.14797, 0.5],
							"uv": {
								"north": {"uv": [13, 5], "uv_size": [1.5, 0.25]},
								"east": {"uv": [6, 18], "uv_size": [0.5, 0.25]},
								"south": {"uv": [13, 6], "uv_size": [1.5, 0.25]},
								"west": {"uv": [18, 6], "uv_size": [0.5, 0.25]},
								"up": {"uv": [10, 8], "uv_size": [1.5, 0.5]},
								"down": {"uv": [10, 9.5], "uv_size": [1.5, -0.5]}
							}
						},
						{
							"origin": [-0.75, 11.98695, 0.70601],
							"size": [1.4988, 0.14797, 0.29049],
							"pivot": [-0.0006, 12.06093, 0.7465],
							"rotation": [-30, 0, 0],
							"uv": {
								"north": {"uv": [0, 14], "uv_size": [1.5, 0.25]},
								"east": {"uv": [21, 19], "uv_size": [0.25, 0.25]},
								"south": {"uv": [2, 14], "uv_size": [1.5, 0.25]},
								"west": {"uv": [20, 21], "uv_size": [0.25, 0.25]},
								"up": {"uv": [4, 14], "uv_size": [1.5, 0.25]},
								"down": {"uv": [6, 14.25], "uv_size": [1.5, -0.25]}
							}
						},
						{
							"origin": [-0.75, 11.98695, 0.0035],
							"size": [1.4988, 0.14797, 0.29049],
							"pivot": [-0.0006, 12.06093, 0.2535],
							"rotation": [30, 0, 0],
							"uv": {
								"north": {"uv": [8, 14], "uv_size": [1.5, 0.25]},
								"east": {"uv": [21, 20], "uv_size": [0.25, 0.25]},
								"south": {"uv": [14, 8], "uv_size": [1.5, 0.25]},
								"west": {"uv": [21, 21], "uv_size": [0.25, 0.25]},
								"up": {"uv": [14, 9], "uv_size": [1.5, 0.25]},
								"down": {"uv": [10, 14.25], "uv_size": [1.5, -0.25]}
							}
						},
						{
							"origin": [-0.97577, 11.91113, 0.25],
							"size": [0.29154, 0.15, 0.5],
							"pivot": [-0.87577, 11.98613, 0.5],
							"rotation": [0, 0, -30.5],
							"uv": {
								"north": {"uv": [0, 22], "uv_size": [0.25, 0.25]},
								"east": {"uv": [7, 18], "uv_size": [0.5, 0.25]},
								"south": {"uv": [22, 0], "uv_size": [0.25, 0.25]},
								"west": {"uv": [18, 7], "uv_size": [0.5, 0.25]},
								"up": {"uv": [8, 18], "uv_size": [0.25, 0.5]},
								"down": {"uv": [18, 8.5], "uv_size": [0.25, -0.5]}
							}
						},
						{
							"origin": [0.68527, 11.91113, 0.25],
							"size": [0.29051, 0.15061, 0.5],
							"pivot": [0.87577, 11.98613, 0.5],
							"rotation": [0, 0, 30.5],
							"uv": {
								"north": {"uv": [1, 22], "uv_size": [0.25, 0.25]},
								"east": {"uv": [9, 18], "uv_size": [0.5, 0.25]},
								"south": {"uv": [22, 1], "uv_size": [0.25, 0.25]},
								"west": {"uv": [18, 9], "uv_size": [0.5, 0.25]},
								"up": {"uv": [10, 18], "uv_size": [0.25, 0.5]},
								"down": {"uv": [18, 10.5], "uv_size": [0.25, -0.5]}
							}
						},
						{
							"origin": [-0.7488, 8.11509, 0.70601],
							"size": [1.4988, 0.14797, 0.29049],
							"pivot": [0.0006, 8.18907, 0.7465],
							"rotation": [30, 0, 0],
							"uv": {
								"north": {"uv": [14, 10], "uv_size": [1.5, 0.25]},
								"east": {"uv": [2, 22], "uv_size": [0.25, 0.25]},
								"south": {"uv": [14, 11], "uv_size": [1.5, 0.25]},
								"west": {"uv": [22, 2], "uv_size": [0.25, 0.25]},
								"up": {"uv": [12, 14], "uv_size": [1.5, 0.25]},
								"down": {"uv": [14, 12.25], "uv_size": [1.5, -0.25]}
							}
						},
						{
							"origin": [-0.7476, 8.10203, 0.25],
							"size": [1.4988, 0.14797, 0.5],
							"uv": {
								"north": {"uv": [14, 13], "uv_size": [1.5, 0.25]},
								"east": {"uv": [11, 18], "uv_size": [0.5, 0.25]},
								"south": {"uv": [14, 14], "uv_size": [1.5, 0.25]},
								"west": {"uv": [18, 11], "uv_size": [0.5, 0.25]},
								"up": {"uv": [10, 10], "uv_size": [1.5, 0.5]},
								"down": {"uv": [11, 0.5], "uv_size": [1.5, -0.5]}
							}
						},
						{
							"origin": [0.68646, 8.18826, 0.25],
							"size": [0.29051, 0.15061, 0.5],
							"pivot": [0.87697, 8.26387, 0.5],
							"rotation": [0, 0, -30.5],
							"uv": {
								"north": {"uv": [3, 22], "uv_size": [0.25, 0.25]},
								"east": {"uv": [12, 18], "uv_size": [0.5, 0.25]},
								"south": {"uv": [22, 3], "uv_size": [0.25, 0.25]},
								"west": {"uv": [18, 12], "uv_size": [0.5, 0.25]},
								"up": {"uv": [13, 18], "uv_size": [0.25, 0.5]},
								"down": {"uv": [18, 13.5], "uv_size": [0.25, -0.5]}
							}
						},
						{
							"origin": [-0.7488, 8.11509, 0.0035],
							"size": [1.4988, 0.14797, 0.29049],
							"pivot": [0.0006, 8.18907, 0.2535],
							"rotation": [-30, 0, 0],
							"uv": {
								"north": {"uv": [0, 15], "uv_size": [1.5, 0.25]},
								"east": {"uv": [4, 22], "uv_size": [0.25, 0.25]},
								"south": {"uv": [15, 0], "uv_size": [1.5, 0.25]},
								"west": {"uv": [22, 4], "uv_size": [0.25, 0.25]},
								"up": {"uv": [15, 1], "uv_size": [1.5, 0.25]},
								"down": {"uv": [2, 15.25], "uv_size": [1.5, -0.25]}
							}
						},
						{
							"origin": [-0.97457, 8.18887, 0.25],
							"size": [0.29154, 0.15, 0.5],
							"pivot": [-0.87457, 8.26387, 0.5],
							"rotation": [0, 0, 30.5],
							"uv": {
								"north": {"uv": [5, 22], "uv_size": [0.25, 0.25]},
								"east": {"uv": [14, 18], "uv_size": [0.5, 0.25]},
								"south": {"uv": [22, 5], "uv_size": [0.25, 0.25]},
								"west": {"uv": [18, 14], "uv_size": [0.5, 0.25]},
								"up": {"uv": [15, 18], "uv_size": [0.25, 0.5]},
								"down": {"uv": [18, 15.5], "uv_size": [0.25, -0.5]}
							}
						},
						{
							"origin": [-1, 8.25, 0.25],
							"size": [0.25, 3.75, 0.5],
							"uv": {
								"north": {"uv": [4, 6], "uv_size": [0.25, 3.75]},
								"east": {"uv": [5, 4], "uv_size": [0.5, 3.75]},
								"south": {"uv": [6, 6], "uv_size": [0.25, 3.75]},
								"west": {"uv": [1, 6], "uv_size": [0.5, 3.75]},
								"up": {"uv": [16, 18], "uv_size": [0.25, 0.5]},
								"down": {"uv": [18, 16.5], "uv_size": [0.25, -0.5]}
							}
						},
						{
							"origin": [-1.10627, 11.14385, 0.25],
							"size": [0.25, 0.75, 0.5],
							"pivot": [-1.03127, 11.51885, 0.5],
							"rotation": [0, 0, 16],
							"uv": {
								"north": {"uv": [16, 16], "uv_size": [0.25, 0.75]},
								"east": {"uv": [15, 2], "uv_size": [0.5, 0.75]},
								"south": {"uv": [0, 17], "uv_size": [0.25, 0.75]},
								"west": {"uv": [15, 3], "uv_size": [0.5, 0.75]},
								"up": {"uv": [17, 18], "uv_size": [0.25, 0.5]},
								"down": {"uv": [18, 17.5], "uv_size": [0.25, -0.5]}
							}
						},
						{
							"origin": [-1.10627, 9.61425, 0.25],
							"size": [0.25, 0.85, 0.5],
							"pivot": [-1.03127, 10.08925, 0.5],
							"rotation": [0, 0, -16],
							"uv": {
								"north": {"uv": [17, 0], "uv_size": [0.25, 0.75]},
								"east": {"uv": [4, 15], "uv_size": [0.5, 0.75]},
								"south": {"uv": [1, 17], "uv_size": [0.25, 0.75]},
								"west": {"uv": [15, 4], "uv_size": [0.5, 0.75]},
								"up": {"uv": [18, 18], "uv_size": [0.25, 0.5]},
								"down": {"uv": [0, 19.5], "uv_size": [0.25, -0.5]}
							}
						},
						{
							"origin": [-1.20673, 10.42905, 0.25],
							"size": [0.25, 0.75, 0.5],
							"uv": {
								"north": {"uv": [17, 1], "uv_size": [0.25, 0.75]},
								"east": {"uv": [5, 15], "uv_size": [0.5, 0.75]},
								"south": {"uv": [2, 17], "uv_size": [0.25, 0.75]},
								"west": {"uv": [15, 5], "uv_size": [0.5, 0.75]},
								"up": {"uv": [19, 0], "uv_size": [0.25, 0.5]},
								"down": {"uv": [1, 19.5], "uv_size": [0.25, -0.5]}
							}
						},
						{
							"origin": [0.85627, 9.61425, 0.25],
							"size": [0.25, 0.85, 0.5],
							"pivot": [1.03127, 10.08925, 0.5],
							"rotation": [0, 0, 16],
							"uv": {
								"north": {"uv": [17, 2], "uv_size": [0.25, 0.75]},
								"east": {"uv": [6, 15], "uv_size": [0.5, 0.75]},
								"south": {"uv": [3, 17], "uv_size": [0.25, 0.75]},
								"west": {"uv": [15, 6], "uv_size": [0.5, 0.75]},
								"up": {"uv": [19, 1], "uv_size": [0.25, 0.5]},
								"down": {"uv": [2, 19.5], "uv_size": [0.25, -0.5]}
							}
						},
						{
							"origin": [0.95673, 10.42905, 0.25],
							"size": [0.25, 0.75, 0.5],
							"uv": {
								"north": {"uv": [17, 3], "uv_size": [0.25, 0.75]},
								"east": {"uv": [7, 15], "uv_size": [0.5, 0.75]},
								"south": {"uv": [4, 17], "uv_size": [0.25, 0.75]},
								"west": {"uv": [15, 7], "uv_size": [0.5, 0.75]},
								"up": {"uv": [19, 2], "uv_size": [0.25, 0.5]},
								"down": {"uv": [3, 19.5], "uv_size": [0.25, -0.5]}
							}
						},
						{
							"origin": [0.85627, 11.14385, 0.25],
							"size": [0.25, 0.75, 0.5],
							"pivot": [1.03127, 11.51885, 0.5],
							"rotation": [0, 0, -16],
							"uv": {
								"north": {"uv": [17, 4], "uv_size": [0.25, 0.75]},
								"east": {"uv": [8, 15], "uv_size": [0.5, 0.75]},
								"south": {"uv": [5, 17], "uv_size": [0.25, 0.75]},
								"west": {"uv": [9, 15], "uv_size": [0.5, 0.75]},
								"up": {"uv": [19, 3], "uv_size": [0.25, 0.5]},
								"down": {"uv": [4, 19.5], "uv_size": [0.25, -0.5]}
							}
						},
						{
							"origin": [0.75, 8.25, 0.25],
							"size": [0.25, 3.75, 0.5],
							"uv": {
								"north": {"uv": [7, 0], "uv_size": [0.25, 3.75]},
								"east": {"uv": [2, 6], "uv_size": [0.5, 3.75]},
								"south": {"uv": [7, 6], "uv_size": [0.25, 3.75]},
								"west": {"uv": [3, 6], "uv_size": [0.5, 3.75]},
								"up": {"uv": [19, 4], "uv_size": [0.25, 0.5]},
								"down": {"uv": [5, 19.5], "uv_size": [0.25, -0.5]}
							}
						},
						{
							"origin": [-0.96339, 8.25, 0.63128],
							"size": [0.25, 3.75, 0.35355],
							"pivot": [-0.83839, 10.125, 0.73483],
							"rotation": [0, 45, 0],
							"uv": {
								"north": {"uv": [0, 8], "uv_size": [0.25, 3.75]},
								"east": {"uv": [8, 0], "uv_size": [0.25, 3.75]},
								"south": {"uv": [8, 4], "uv_size": [0.25, 3.75]},
								"west": {"uv": [5, 8], "uv_size": [0.25, 3.75]},
								"up": {"uv": [6, 22], "uv_size": [0.25, 0.25]},
								"down": {"uv": [22, 6.25], "uv_size": [0.25, -0.25]}
							}
						},
						{
							"origin": [0.71339, 8.25, 0.63128],
							"size": [0.25, 3.75, 0.35355],
							"pivot": [0.83839, 10.125, 0.73483],
							"rotation": [0, -45, 0],
							"uv": {
								"north": {"uv": [8, 8], "uv_size": [0.25, 3.75]},
								"east": {"uv": [9, 0], "uv_size": [0.25, 3.75]},
								"south": {"uv": [9, 4], "uv_size": [0.25, 3.75]},
								"west": {"uv": [9, 8], "uv_size": [0.25, 3.75]},
								"up": {"uv": [7, 22], "uv_size": [0.25, 0.25]},
								"down": {"uv": [22, 7.25], "uv_size": [0.25, -0.25]}
							}
						},
						{
							"origin": [0.60983, 8.25, 0.05806],
							"size": [0.25, 3.75, 0.35355],
							"pivot": [0.73483, 10.125, 0.16161],
							"rotation": [0, 45, 0],
							"uv": {
								"north": {"uv": [10, 0], "uv_size": [0.25, 3.75]},
								"east": {"uv": [1, 10], "uv_size": [0.25, 3.75]},
								"south": {"uv": [2, 10], "uv_size": [0.25, 3.75]},
								"west": {"uv": [3, 10], "uv_size": [0.25, 3.75]},
								"up": {"uv": [8, 22], "uv_size": [0.25, 0.25]},
								"down": {"uv": [22, 8.25], "uv_size": [0.25, -0.25]}
							}
						},
						{
							"origin": [-0.85983, 8.25, 0.05806],
							"size": [0.25, 3.75, 0.35355],
							"pivot": [-0.73483, 10.125, 0.16161],
							"rotation": [0, -45, 0],
							"uv": {
								"north": {"uv": [4, 10], "uv_size": [0.25, 3.75]},
								"east": {"uv": [10, 4], "uv_size": [0.25, 3.75]},
								"south": {"uv": [6, 10], "uv_size": [0.25, 3.75]},
								"west": {"uv": [7, 10], "uv_size": [0.25, 3.75]},
								"up": {"uv": [9, 22], "uv_size": [0.25, 0.25]},
								"down": {"uv": [22, 9.25], "uv_size": [0.25, -0.25]}
							}
						}
					]
				},
				{
					"name": "tx",
					"parent": "bq01",
					"pivot": [0, 0, 1]
				},
				{
					"name": "t1",
					"parent": "tx",
					"pivot": [0.57929, 11.8, 0.45],
					"cubes": [
						{
							"origin": [0.62589, 12.075, 0.3375],
							"size": [0.225, 0.475, 0.225],
							"uv": {
								"north": {"uv": [19, 5], "uv_size": [0.25, 0.5]},
								"east": {"uv": [6, 19], "uv_size": [0.25, 0.5]},
								"south": {"uv": [19, 6], "uv_size": [0.25, 0.5]},
								"west": {"uv": [7, 19], "uv_size": [0.25, 0.5]},
								"up": {"uv": [10, 22], "uv_size": [0.25, 0.25]},
								"down": {"uv": [22, 10.25], "uv_size": [0.25, -0.25]}
							}
						},
						{
							"origin": [0.46679, 12.075, 0.4966],
							"size": [0.225, 0.475, 0.225],
							"uv": {
								"north": {"uv": [19, 7], "uv_size": [0.25, 0.5]},
								"east": {"uv": [8, 19], "uv_size": [0.25, 0.5]},
								"south": {"uv": [19, 8], "uv_size": [0.25, 0.5]},
								"west": {"uv": [9, 19], "uv_size": [0.25, 0.5]},
								"up": {"uv": [11, 22], "uv_size": [0.25, 0.25]},
								"down": {"uv": [22, 11.25], "uv_size": [0.25, -0.25]}
							}
						},
						{
							"origin": [0.46679, 12.075, 0.1784],
							"size": [0.225, 0.475, 0.225],
							"uv": {
								"north": {"uv": [19, 9], "uv_size": [0.25, 0.5]},
								"east": {"uv": [10, 19], "uv_size": [0.25, 0.5]},
								"south": {"uv": [19, 10], "uv_size": [0.25, 0.5]},
								"west": {"uv": [11, 19], "uv_size": [0.25, 0.5]},
								"up": {"uv": [12, 22], "uv_size": [0.25, 0.25]},
								"down": {"uv": [22, 12.25], "uv_size": [0.25, -0.25]}
							}
						},
						{
							"origin": [0.57929, 12.075, 0.45],
							"size": [0.225, 0.475, 0.225],
							"pivot": [0.69179, 11.8, 0.5625],
							"rotation": [0, -45, 0],
							"uv": {
								"north": {"uv": [19, 11], "uv_size": [0.25, 0.5]},
								"east": {"uv": [12, 19], "uv_size": [0.25, 0.5]},
								"south": {"uv": [19, 12], "uv_size": [0.25, 0.5]},
								"west": {"uv": [13, 19], "uv_size": [0.25, 0.5]},
								"up": {"uv": [13, 22], "uv_size": [0.25, 0.25]},
								"down": {"uv": [22, 13.25], "uv_size": [0.25, -0.25]}
							}
						},
						{
							"origin": [0.57929, 12.075, 0.225],
							"size": [0.225, 0.475, 0.225],
							"pivot": [0.69179, 11.8, 0.3375],
							"rotation": [0, -45, 0],
							"uv": {
								"north": {"uv": [19, 13], "uv_size": [0.25, 0.5]},
								"east": {"uv": [14, 19], "uv_size": [0.25, 0.5]},
								"south": {"uv": [19, 14], "uv_size": [0.25, 0.5]},
								"west": {"uv": [15, 19], "uv_size": [0.25, 0.5]},
								"up": {"uv": [14, 22], "uv_size": [0.25, 0.25]},
								"down": {"uv": [22, 14.25], "uv_size": [0.25, -0.25]}
							}
						},
						{
							"origin": [0.35429, 12.075, 0.225],
							"size": [0.225, 0.475, 0.225],
							"pivot": [0.46679, 11.8, 0.3375],
							"rotation": [0, 45, 0],
							"uv": {
								"north": {"uv": [19, 15], "uv_size": [0.25, 0.5]},
								"east": {"uv": [16, 19], "uv_size": [0.25, 0.5]},
								"south": {"uv": [19, 16], "uv_size": [0.25, 0.5]},
								"west": {"uv": [17, 19], "uv_size": [0.25, 0.5]},
								"up": {"uv": [15, 22], "uv_size": [0.25, 0.25]},
								"down": {"uv": [22, 15.25], "uv_size": [0.25, -0.25]}
							}
						},
						{
							"origin": [0.30769, 12.075, 0.3375],
							"size": [0.225, 0.475, 0.225],
							"uv": {
								"north": {"uv": [19, 17], "uv_size": [0.25, 0.5]},
								"east": {"uv": [18, 19], "uv_size": [0.25, 0.5]},
								"south": {"uv": [19, 18], "uv_size": [0.25, 0.5]},
								"west": {"uv": [19, 19], "uv_size": [0.25, 0.5]},
								"up": {"uv": [16, 22], "uv_size": [0.25, 0.25]},
								"down": {"uv": [22, 16.25], "uv_size": [0.25, -0.25]}
							}
						},
						{
							"origin": [0.35429, 12.075, 0.45],
							"size": [0.225, 0.475, 0.225],
							"pivot": [0.46679, 11.8, 0.5625],
							"rotation": [0, 45, 0],
							"uv": {
								"north": {"uv": [0, 20], "uv_size": [0.25, 0.5]},
								"east": {"uv": [20, 0], "uv_size": [0.25, 0.5]},
								"south": {"uv": [1, 20], "uv_size": [0.25, 0.5]},
								"west": {"uv": [20, 1], "uv_size": [0.25, 0.5]},
								"up": {"uv": [17, 22], "uv_size": [0.25, 0.25]},
								"down": {"uv": [22, 17.25], "uv_size": [0.25, -0.25]}
							}
						}
					]
				},
				{
					"name": "t2",
					"parent": "tx",
					"pivot": [0.57929, 12.3, 0.45],
					"cubes": [
						{
							"origin": [0.61657, 12.52, 0.36],
							"size": [0.18, 0.08, 0.18],
							"uv": {
								"north": {"uv": [18, 22], "uv_size": [0.25, 0.25]},
								"east": {"uv": [22, 18], "uv_size": [0.25, 0.25]},
								"south": {"uv": [19, 22], "uv_size": [0.25, 0.25]},
								"west": {"uv": [22, 19], "uv_size": [0.25, 0.25]},
								"up": {"uv": [20, 22], "uv_size": [0.25, 0.25]},
								"down": {"uv": [22, 20.25], "uv_size": [0.25, -0.25]}
							}
						},
						{
							"origin": [0.48929, 12.52, 0.48728],
							"size": [0.18, 0.08, 0.18],
							"uv": {
								"north": {"uv": [21, 22], "uv_size": [0.25, 0.25]},
								"east": {"uv": [22, 21], "uv_size": [0.25, 0.25]},
								"south": {"uv": [22, 22], "uv_size": [0.25, 0.25]},
								"west": {"uv": [0, 23], "uv_size": [0.25, 0.25]},
								"up": {"uv": [23, 0], "uv_size": [0.25, 0.25]},
								"down": {"uv": [1, 23.25], "uv_size": [0.25, -0.25]}
							}
						},
						{
							"origin": [0.48929, 12.52, 0.23272],
							"size": [0.18, 0.08, 0.18],
							"uv": {
								"north": {"uv": [23, 1], "uv_size": [0.25, 0.25]},
								"east": {"uv": [2, 23], "uv_size": [0.25, 0.25]},
								"south": {"uv": [23, 2], "uv_size": [0.25, 0.25]},
								"west": {"uv": [3, 23], "uv_size": [0.25, 0.25]},
								"up": {"uv": [23, 3], "uv_size": [0.25, 0.25]},
								"down": {"uv": [4, 23.25], "uv_size": [0.25, -0.25]}
							}
						},
						{
							"origin": [0.57929, 12.52, 0.45],
							"size": [0.18, 0.08, 0.18],
							"pivot": [0.66929, 12.3, 0.54],
							"rotation": [0, -45, 0],
							"uv": {
								"north": {"uv": [23, 4], "uv_size": [0.25, 0.25]},
								"east": {"uv": [5, 23], "uv_size": [0.25, 0.25]},
								"south": {"uv": [23, 5], "uv_size": [0.25, 0.25]},
								"west": {"uv": [6, 23], "uv_size": [0.25, 0.25]},
								"up": {"uv": [23, 6], "uv_size": [0.25, 0.25]},
								"down": {"uv": [7, 23.25], "uv_size": [0.25, -0.25]}
							}
						},
						{
							"origin": [0.57929, 12.52, 0.27],
							"size": [0.18, 0.08, 0.18],
							"pivot": [0.66929, 12.3, 0.36],
							"rotation": [0, -45, 0],
							"uv": {
								"north": {"uv": [23, 7], "uv_size": [0.25, 0.25]},
								"east": {"uv": [8, 23], "uv_size": [0.25, 0.25]},
								"south": {"uv": [23, 8], "uv_size": [0.25, 0.25]},
								"west": {"uv": [9, 23], "uv_size": [0.25, 0.25]},
								"up": {"uv": [23, 9], "uv_size": [0.25, 0.25]},
								"down": {"uv": [10, 23.25], "uv_size": [0.25, -0.25]}
							}
						},
						{
							"origin": [0.39929, 12.52, 0.27],
							"size": [0.18, 0.08, 0.18],
							"pivot": [0.48929, 12.3, 0.36],
							"rotation": [0, 45, 0],
							"uv": {
								"north": {"uv": [23, 10], "uv_size": [0.25, 0.25]},
								"east": {"uv": [11, 23], "uv_size": [0.25, 0.25]},
								"south": {"uv": [23, 11], "uv_size": [0.25, 0.25]},
								"west": {"uv": [12, 23], "uv_size": [0.25, 0.25]},
								"up": {"uv": [23, 12], "uv_size": [0.25, 0.25]},
								"down": {"uv": [13, 23.25], "uv_size": [0.25, -0.25]}
							}
						},
						{
							"origin": [0.36201, 12.52, 0.36],
							"size": [0.18, 0.08, 0.18],
							"uv": {
								"north": {"uv": [23, 13], "uv_size": [0.25, 0.25]},
								"east": {"uv": [14, 23], "uv_size": [0.25, 0.25]},
								"south": {"uv": [23, 14], "uv_size": [0.25, 0.25]},
								"west": {"uv": [15, 23], "uv_size": [0.25, 0.25]},
								"up": {"uv": [23, 15], "uv_size": [0.25, 0.25]},
								"down": {"uv": [16, 23.25], "uv_size": [0.25, -0.25]}
							}
						},
						{
							"origin": [0.39929, 12.52, 0.45],
							"size": [0.18, 0.08, 0.18],
							"pivot": [0.48929, 12.3, 0.54],
							"rotation": [0, 45, 0],
							"uv": {
								"north": {"uv": [23, 16], "uv_size": [0.25, 0.25]},
								"east": {"uv": [17, 23], "uv_size": [0.25, 0.25]},
								"south": {"uv": [23, 17], "uv_size": [0.25, 0.25]},
								"west": {"uv": [18, 23], "uv_size": [0.25, 0.25]},
								"up": {"uv": [23, 18], "uv_size": [0.25, 0.25]},
								"down": {"uv": [19, 23.25], "uv_size": [0.25, -0.25]}
							}
						}
					]
				},
				{
					"name": "t3",
					"parent": "tx",
					"pivot": [0.57929, 12.8125, 0.45],
					"cubes": [
						{
							"origin": [0.62123, 12.59875, 0.34875],
							"size": [0.2025, 0.4275, 0.2025],
							"uv": {
								"north": {"uv": [2, 20], "uv_size": [0.25, 0.5]},
								"east": {"uv": [20, 2], "uv_size": [0.25, 0.5]},
								"south": {"uv": [3, 20], "uv_size": [0.25, 0.5]},
								"west": {"uv": [20, 3], "uv_size": [0.25, 0.5]},
								"up": {"uv": [23, 19], "uv_size": [0.25, 0.25]},
								"down": {"uv": [20, 23.25], "uv_size": [0.25, -0.25]}
							}
						},
						{
							"origin": [0.47804, 12.59875, 0.49194],
							"size": [0.2025, 0.4275, 0.2025],
							"uv": {
								"north": {"uv": [4, 20], "uv_size": [0.25, 0.5]},
								"east": {"uv": [20, 4], "uv_size": [0.25, 0.5]},
								"south": {"uv": [5, 20], "uv_size": [0.25, 0.5]},
								"west": {"uv": [20, 5], "uv_size": [0.25, 0.5]},
								"up": {"uv": [23, 20], "uv_size": [0.25, 0.25]},
								"down": {"uv": [21, 23.25], "uv_size": [0.25, -0.25]}
							}
						},
						{
							"origin": [0.47804, 12.59875, 0.20556],
							"size": [0.2025, 0.4275, 0.2025],
							"uv": {
								"north": {"uv": [6, 20], "uv_size": [0.25, 0.5]},
								"east": {"uv": [20, 6], "uv_size": [0.25, 0.5]},
								"south": {"uv": [7, 20], "uv_size": [0.25, 0.5]},
								"west": {"uv": [20, 7], "uv_size": [0.25, 0.5]},
								"up": {"uv": [23, 21], "uv_size": [0.25, 0.25]},
								"down": {"uv": [22, 23.25], "uv_size": [0.25, -0.25]}
							}
						},
						{
							"origin": [0.57929, 12.59875, 0.45],
							"size": [0.2025, 0.4275, 0.2025],
							"pivot": [0.68054, 12.35125, 0.55125],
							"rotation": [0, -45, 0],
							"uv": {
								"north": {"uv": [8, 20], "uv_size": [0.25, 0.5]},
								"east": {"uv": [20, 8], "uv_size": [0.25, 0.5]},
								"south": {"uv": [9, 20], "uv_size": [0.25, 0.5]},
								"west": {"uv": [20, 9], "uv_size": [0.25, 0.5]},
								"up": {"uv": [23, 22], "uv_size": [0.25, 0.25]},
								"down": {"uv": [23, 23.25], "uv_size": [0.25, -0.25]}
							}
						},
						{
							"origin": [0.57929, 12.59875, 0.2475],
							"size": [0.2025, 0.4275, 0.2025],
							"pivot": [0.68054, 12.35125, 0.34875],
							"rotation": [0, -45, 0],
							"uv": {
								"north": {"uv": [10, 20], "uv_size": [0.25, 0.5]},
								"east": {"uv": [20, 10], "uv_size": [0.25, 0.5]},
								"south": {"uv": [11, 20], "uv_size": [0.25, 0.5]},
								"west": {"uv": [20, 11], "uv_size": [0.25, 0.5]},
								"up": {"uv": [0, 24], "uv_size": [0.25, 0.25]},
								"down": {"uv": [24, 0.25], "uv_size": [0.25, -0.25]}
							}
						},
						{
							"origin": [0.37679, 12.59875, 0.2475],
							"size": [0.2025, 0.4275, 0.2025],
							"pivot": [0.47804, 12.35125, 0.34875],
							"rotation": [0, 45, 0],
							"uv": {
								"north": {"uv": [12, 20], "uv_size": [0.25, 0.5]},
								"east": {"uv": [20, 12], "uv_size": [0.25, 0.5]},
								"south": {"uv": [13, 20], "uv_size": [0.25, 0.5]},
								"west": {"uv": [20, 13], "uv_size": [0.25, 0.5]},
								"up": {"uv": [1, 24], "uv_size": [0.25, 0.25]},
								"down": {"uv": [24, 1.25], "uv_size": [0.25, -0.25]}
							}
						},
						{
							"origin": [0.33485, 12.59875, 0.34875],
							"size": [0.2025, 0.4275, 0.2025],
							"uv": {
								"north": {"uv": [14, 20], "uv_size": [0.25, 0.5]},
								"east": {"uv": [20, 14], "uv_size": [0.25, 0.5]},
								"south": {"uv": [15, 20], "uv_size": [0.25, 0.5]},
								"west": {"uv": [20, 15], "uv_size": [0.25, 0.5]},
								"up": {"uv": [2, 24], "uv_size": [0.25, 0.25]},
								"down": {"uv": [24, 2.25], "uv_size": [0.25, -0.25]}
							}
						},
						{
							"origin": [0.37679, 12.59875, 0.45],
							"size": [0.2025, 0.4275, 0.2025],
							"pivot": [0.47804, 12.35125, 0.55125],
							"rotation": [0, 45, 0],
							"uv": {
								"north": {"uv": [16, 20], "uv_size": [0.25, 0.5]},
								"east": {"uv": [20, 16], "uv_size": [0.25, 0.5]},
								"south": {"uv": [17, 20], "uv_size": [0.25, 0.5]},
								"west": {"uv": [20, 17], "uv_size": [0.25, 0.5]},
								"up": {"uv": [3, 24], "uv_size": [0.25, 0.25]},
								"down": {"uv": [24, 3.25], "uv_size": [0.25, -0.25]}
							}
						}
					]
				},
				{
					"name": "t4",
					"parent": "tx",
					"pivot": [0.57929, 13.2125, 0.45],
					"cubes": [
						{
							"origin": [0.61284, 12.9415, 0.369],
							"size": [0.162, 0.942, 0.162],
							"uv": {
								"north": {"uv": [12, 15], "uv_size": [0.25, 1]},
								"east": {"uv": [13, 15], "uv_size": [0.25, 1]},
								"south": {"uv": [14, 15], "uv_size": [0.25, 1]},
								"west": {"uv": [15, 15], "uv_size": [0.25, 1]},
								"up": {"uv": [4, 24], "uv_size": [0.25, 0.25]},
								"down": {"uv": [24, 4.25], "uv_size": [0.25, -0.25]}
							}
						},
						{
							"origin": [0.49829, 12.9415, 0.48355],
							"size": [0.162, 0.942, 0.162],
							"uv": {
								"north": {"uv": [0, 16], "uv_size": [0.25, 1]},
								"east": {"uv": [1, 16], "uv_size": [0.25, 1]},
								"south": {"uv": [2, 16], "uv_size": [0.25, 1]},
								"west": {"uv": [16, 2], "uv_size": [0.25, 1]},
								"up": {"uv": [5, 24], "uv_size": [0.25, 0.25]},
								"down": {"uv": [24, 5.25], "uv_size": [0.25, -0.25]}
							}
						},
						{
							"origin": [0.49829, 12.9415, 0.25445],
							"size": [0.162, 0.942, 0.162],
							"uv": {
								"north": {"uv": [3, 16], "uv_size": [0.25, 1]},
								"east": {"uv": [16, 3], "uv_size": [0.25, 1]},
								"south": {"uv": [4, 16], "uv_size": [0.25, 1]},
								"west": {"uv": [16, 4], "uv_size": [0.25, 1]},
								"up": {"uv": [6, 24], "uv_size": [0.25, 0.25]},
								"down": {"uv": [24, 6.25], "uv_size": [0.25, -0.25]}
							}
						},
						{
							"origin": [0.57929, 12.9415, 0.45],
							"size": [0.162, 0.942, 0.162],
							"pivot": [0.66029, 12.8435, 0.531],
							"rotation": [0, -45, 0],
							"uv": {
								"north": {"uv": [5, 16], "uv_size": [0.25, 1]},
								"east": {"uv": [16, 5], "uv_size": [0.25, 1]},
								"south": {"uv": [6, 16], "uv_size": [0.25, 1]},
								"west": {"uv": [16, 6], "uv_size": [0.25, 1]},
								"up": {"uv": [7, 24], "uv_size": [0.25, 0.25]},
								"down": {"uv": [24, 7.25], "uv_size": [0.25, -0.25]}
							}
						},
						{
							"origin": [0.57929, 12.9415, 0.288],
							"size": [0.162, 0.942, 0.162],
							"pivot": [0.66029, 12.8435, 0.369],
							"rotation": [0, -45, 0],
							"uv": {
								"north": {"uv": [7, 16], "uv_size": [0.25, 1]},
								"east": {"uv": [16, 7], "uv_size": [0.25, 1]},
								"south": {"uv": [8, 16], "uv_size": [0.25, 1]},
								"west": {"uv": [16, 8], "uv_size": [0.25, 1]},
								"up": {"uv": [8, 24], "uv_size": [0.25, 0.25]},
								"down": {"uv": [24, 8.25], "uv_size": [0.25, -0.25]}
							}
						},
						{
							"origin": [0.41729, 12.9415, 0.288],
							"size": [0.162, 0.942, 0.162],
							"pivot": [0.49829, 12.8435, 0.369],
							"rotation": [0, 45, 0],
							"uv": {
								"north": {"uv": [9, 16], "uv_size": [0.25, 1]},
								"east": {"uv": [16, 9], "uv_size": [0.25, 1]},
								"south": {"uv": [16, 10], "uv_size": [0.25, 1]},
								"west": {"uv": [16, 11], "uv_size": [0.25, 1]},
								"up": {"uv": [9, 24], "uv_size": [0.25, 0.25]},
								"down": {"uv": [24, 9.25], "uv_size": [0.25, -0.25]}
							}
						},
						{
							"origin": [0.38374, 12.9415, 0.369],
							"size": [0.162, 0.942, 0.162],
							"uv": {
								"north": {"uv": [12, 16], "uv_size": [0.25, 1]},
								"east": {"uv": [16, 12], "uv_size": [0.25, 1]},
								"south": {"uv": [13, 16], "uv_size": [0.25, 1]},
								"west": {"uv": [16, 13], "uv_size": [0.25, 1]},
								"up": {"uv": [10, 24], "uv_size": [0.25, 0.25]},
								"down": {"uv": [24, 10.25], "uv_size": [0.25, -0.25]}
							}
						},
						{
							"origin": [0.41729, 12.9415, 0.45],
							"size": [0.162, 0.942, 0.162],
							"pivot": [0.49829, 12.8435, 0.531],
							"rotation": [0, 45, 0],
							"uv": {
								"north": {"uv": [14, 16], "uv_size": [0.25, 1]},
								"east": {"uv": [16, 14], "uv_size": [0.25, 1]},
								"south": {"uv": [15, 16], "uv_size": [0.25, 1]},
								"west": {"uv": [16, 15], "uv_size": [0.25, 1]},
								"up": {"uv": [11, 24], "uv_size": [0.25, 0.25]},
								"down": {"uv": [24, 11.25], "uv_size": [0.25, -0.25]}
							}
						}
					]
				},
				{
					"name": "t5",
					"parent": "tx",
					"pivot": [0.57929, 13.8565, 0.45],
					"cubes": [
						{
							"origin": [0.60345, 13.81738, 0.39168],
							"size": [0.11664, 0.17824, 0.11664],
							"uv": {
								"north": {"uv": [12, 24], "uv_size": [0.25, 0.25]},
								"east": {"uv": [24, 12], "uv_size": [0.25, 0.25]},
								"south": {"uv": [13, 24], "uv_size": [0.25, 0.25]},
								"west": {"uv": [24, 13], "uv_size": [0.25, 0.25]},
								"up": {"uv": [14, 24], "uv_size": [0.25, 0.25]},
								"down": {"uv": [24, 14.25], "uv_size": [0.25, -0.25]}
							}
						},
						{
							"origin": [0.52097, 13.81738, 0.47416],
							"size": [0.11664, 0.17824, 0.11664],
							"uv": {
								"north": {"uv": [15, 24], "uv_size": [0.25, 0.25]},
								"east": {"uv": [24, 15], "uv_size": [0.25, 0.25]},
								"south": {"uv": [16, 24], "uv_size": [0.25, 0.25]},
								"west": {"uv": [24, 16], "uv_size": [0.25, 0.25]},
								"up": {"uv": [17, 24], "uv_size": [0.25, 0.25]},
								"down": {"uv": [24, 17.25], "uv_size": [0.25, -0.25]}
							}
						},
						{
							"origin": [0.52097, 13.81738, 0.3092],
							"size": [0.11664, 0.17824, 0.11664],
							"uv": {
								"north": {"uv": [18, 24], "uv_size": [0.25, 0.25]},
								"east": {"uv": [24, 18], "uv_size": [0.25, 0.25]},
								"south": {"uv": [19, 24], "uv_size": [0.25, 0.25]},
								"west": {"uv": [24, 19], "uv_size": [0.25, 0.25]},
								"up": {"uv": [20, 24], "uv_size": [0.25, 0.25]},
								"down": {"uv": [24, 20.25], "uv_size": [0.25, -0.25]}
							}
						},
						{
							"origin": [0.57929, 13.81738, 0.45],
							"size": [0.11664, 0.17824, 0.11664],
							"pivot": [0.63761, 13.74682, 0.50832],
							"rotation": [0, -45, 0],
							"uv": {
								"north": {"uv": [21, 24], "uv_size": [0.25, 0.25]},
								"east": {"uv": [24, 21], "uv_size": [0.25, 0.25]},
								"south": {"uv": [22, 24], "uv_size": [0.25, 0.25]},
								"west": {"uv": [24, 22], "uv_size": [0.25, 0.25]},
								"up": {"uv": [23, 24], "uv_size": [0.25, 0.25]},
								"down": {"uv": [24, 23.25], "uv_size": [0.25, -0.25]}
							}
						},
						{
							"origin": [0.57929, 13.81738, 0.33336],
							"size": [0.11664, 0.17824, 0.11664],
							"pivot": [0.63761, 13.74682, 0.39168],
							"rotation": [0, -45, 0],
							"uv": {
								"north": {"uv": [24, 24], "uv_size": [0.25, 0.25]},
								"east": {"uv": [0, 25], "uv_size": [0.25, 0.25]},
								"south": {"uv": [25, 0], "uv_size": [0.25, 0.25]},
								"west": {"uv": [1, 25], "uv_size": [0.25, 0.25]},
								"up": {"uv": [25, 1], "uv_size": [0.25, 0.25]},
								"down": {"uv": [2, 25.25], "uv_size": [0.25, -0.25]}
							}
						},
						{
							"origin": [0.46265, 13.81738, 0.33336],
							"size": [0.11664, 0.17824, 0.11664],
							"pivot": [0.52097, 13.74682, 0.39168],
							"rotation": [0, 45, 0],
							"uv": {
								"north": {"uv": [25, 2], "uv_size": [0.25, 0.25]},
								"east": {"uv": [3, 25], "uv_size": [0.25, 0.25]},
								"south": {"uv": [25, 3], "uv_size": [0.25, 0.25]},
								"west": {"uv": [4, 25], "uv_size": [0.25, 0.25]},
								"up": {"uv": [25, 4], "uv_size": [0.25, 0.25]},
								"down": {"uv": [5, 25.25], "uv_size": [0.25, -0.25]}
							}
						},
						{
							"origin": [0.43849, 13.81738, 0.39168],
							"size": [0.11664, 0.17824, 0.11664],
							"uv": {
								"north": {"uv": [25, 5], "uv_size": [0.25, 0.25]},
								"east": {"uv": [6, 25], "uv_size": [0.25, 0.25]},
								"south": {"uv": [25, 6], "uv_size": [0.25, 0.25]},
								"west": {"uv": [7, 25], "uv_size": [0.25, 0.25]},
								"up": {"uv": [25, 7], "uv_size": [0.25, 0.25]},
								"down": {"uv": [8, 25.25], "uv_size": [0.25, -0.25]}
							}
						},
						{
							"origin": [0.46265, 13.81738, 0.45],
							"size": [0.11664, 0.17824, 0.11664],
							"pivot": [0.52097, 13.74682, 0.50832],
							"rotation": [0, 45, 0],
							"uv": {
								"north": {"uv": [25, 8], "uv_size": [0.25, 0.25]},
								"east": {"uv": [9, 25], "uv_size": [0.25, 0.25]},
								"south": {"uv": [25, 9], "uv_size": [0.25, 0.25]},
								"west": {"uv": [10, 25], "uv_size": [0.25, 0.25]},
								"up": {"uv": [25, 10], "uv_size": [0.25, 0.25]},
								"down": {"uv": [11, 25.25], "uv_size": [0.25, -0.25]}
							}
						}
					]
				},
				{
					"name": "t6",
					"parent": "tx",
					"pivot": [0.57929, 14.0565, 0.45],
					"cubes": [
						{
							"origin": [0.60828, 13.90956, 0.38002],
							"size": [0.13997, 0.71389, 0.13997],
							"uv": {
								"north": {"uv": [17, 5], "uv_size": [0.25, 0.75]},
								"east": {"uv": [6, 17], "uv_size": [0.25, 0.75]},
								"south": {"uv": [17, 6], "uv_size": [0.25, 0.75]},
								"west": {"uv": [7, 17], "uv_size": [0.25, 0.75]},
								"up": {"uv": [25, 11], "uv_size": [0.25, 0.25]},
								"down": {"uv": [12, 25.25], "uv_size": [0.25, -0.25]}
							}
						},
						{
							"origin": [0.50931, 13.90956, 0.47899],
							"size": [0.13997, 0.71389, 0.13997],
							"uv": {
								"north": {"uv": [17, 7], "uv_size": [0.25, 0.75]},
								"east": {"uv": [8, 17], "uv_size": [0.25, 0.75]},
								"south": {"uv": [17, 8], "uv_size": [0.25, 0.75]},
								"west": {"uv": [9, 17], "uv_size": [0.25, 0.75]},
								"up": {"uv": [25, 12], "uv_size": [0.25, 0.25]},
								"down": {"uv": [13, 25.25], "uv_size": [0.25, -0.25]}
							}
						},
						{
							"origin": [0.50931, 13.90956, 0.28104],
							"size": [0.13997, 0.71389, 0.13997],
							"uv": {
								"north": {"uv": [17, 9], "uv_size": [0.25, 0.75]},
								"east": {"uv": [10, 17], "uv_size": [0.25, 0.75]},
								"south": {"uv": [17, 10], "uv_size": [0.25, 0.75]},
								"west": {"uv": [11, 17], "uv_size": [0.25, 0.75]},
								"up": {"uv": [25, 13], "uv_size": [0.25, 0.25]},
								"down": {"uv": [14, 25.25], "uv_size": [0.25, -0.25]}
							}
						},
						{
							"origin": [0.57929, 13.90956, 0.45],
							"size": [0.13997, 0.71389, 0.13997],
							"pivot": [0.64927, 13.92488, 0.51998],
							"rotation": [0, -45, 0],
							"uv": {
								"north": {"uv": [17, 11], "uv_size": [0.25, 0.75]},
								"east": {"uv": [12, 17], "uv_size": [0.25, 0.75]},
								"south": {"uv": [17, 12], "uv_size": [0.25, 0.75]},
								"west": {"uv": [13, 17], "uv_size": [0.25, 0.75]},
								"up": {"uv": [25, 14], "uv_size": [0.25, 0.25]},
								"down": {"uv": [15, 25.25], "uv_size": [0.25, -0.25]}
							}
						},
						{
							"origin": [0.57929, 13.90956, 0.31003],
							"size": [0.13997, 0.71389, 0.13997],
							"pivot": [0.64927, 13.92488, 0.38002],
							"rotation": [0, -45, 0],
							"uv": {
								"north": {"uv": [17, 13], "uv_size": [0.25, 0.75]},
								"east": {"uv": [14, 17], "uv_size": [0.25, 0.75]},
								"south": {"uv": [17, 14], "uv_size": [0.25, 0.75]},
								"west": {"uv": [15, 17], "uv_size": [0.25, 0.75]},
								"up": {"uv": [25, 15], "uv_size": [0.25, 0.25]},
								"down": {"uv": [16, 25.25], "uv_size": [0.25, -0.25]}
							}
						},
						{
							"origin": [0.43932, 13.90956, 0.31003],
							"size": [0.13997, 0.71389, 0.13997],
							"pivot": [0.50931, 13.92488, 0.38002],
							"rotation": [0, 45, 0],
							"uv": {
								"north": {"uv": [17, 15], "uv_size": [0.25, 0.75]},
								"east": {"uv": [16, 17], "uv_size": [0.25, 0.75]},
								"south": {"uv": [17, 16], "uv_size": [0.25, 0.75]},
								"west": {"uv": [17, 17], "uv_size": [0.25, 0.75]},
								"up": {"uv": [25, 16], "uv_size": [0.25, 0.25]},
								"down": {"uv": [17, 25.25], "uv_size": [0.25, -0.25]}
							}
						},
						{
							"origin": [0.41033, 13.90956, 0.38002],
							"size": [0.13997, 0.71389, 0.13997],
							"uv": {
								"north": {"uv": [0, 18], "uv_size": [0.25, 0.75]},
								"east": {"uv": [18, 0], "uv_size": [0.25, 0.75]},
								"south": {"uv": [1, 18], "uv_size": [0.25, 0.75]},
								"west": {"uv": [18, 1], "uv_size": [0.25, 0.75]},
								"up": {"uv": [25, 17], "uv_size": [0.25, 0.25]},
								"down": {"uv": [18, 25.25], "uv_size": [0.25, -0.25]}
							}
						},
						{
							"origin": [0.43932, 13.90956, 0.45],
							"size": [0.13997, 0.71389, 0.13997],
							"pivot": [0.50931, 13.92488, 0.51998],
							"rotation": [0, 45, 0],
							"uv": {
								"north": {"uv": [2, 18], "uv_size": [0.25, 0.75]},
								"east": {"uv": [18, 2], "uv_size": [0.25, 0.75]},
								"south": {"uv": [3, 18], "uv_size": [0.25, 0.75]},
								"west": {"uv": [18, 3], "uv_size": [0.25, 0.75]},
								"up": {"uv": [25, 18], "uv_size": [0.25, 0.25]},
								"down": {"uv": [19, 25.25], "uv_size": [0.25, -0.25]}
							}
						},
						{
							"origin": [0.5293, 14.0565, 0.4],
							"size": [0.1, 0.6, 0.1],
							"pivot": [0.5793, 14.3565, 0.45],
							"rotation": [0, 45, 0],
							"uv": {
								"north": {"uv": [18, 20], "uv_size": [0.25, 0.5]},
								"east": {"uv": [20, 18], "uv_size": [0.25, 0.5]},
								"south": {"uv": [19, 20], "uv_size": [0.25, 0.5]},
								"west": {"uv": [20, 19], "uv_size": [0.25, 0.5]},
								"up": {"uv": [25, 19], "uv_size": [0.25, 0.25]},
								"down": {"uv": [20, 25.25], "uv_size": [0.25, -0.25]}
							}
						}
					]
				},
				{
					"name": "t7",
					"parent": "bq01",
					"pivot": [-0.32071, 12.3125, 0.45],
					"cubes": [
						{
							"origin": [-0.27877, 12.09875, 0.34875],
							"size": [0.2025, 0.4275, 0.2025],
							"uv": {
								"north": {"uv": [4, 18], "uv_size": [0.25, 0.5]},
								"east": {"uv": [18, 4], "uv_size": [0.25, 0.5]},
								"south": {"uv": [5, 18], "uv_size": [0.25, 0.5]},
								"west": {"uv": [18, 5], "uv_size": [0.25, 0.5]},
								"up": {"uv": [21, 13], "uv_size": [0.25, 0.25]},
								"down": {"uv": [14, 21.25], "uv_size": [0.25, -0.25]}
							}
						},
						{
							"origin": [-0.42196, 12.09875, 0.49194],
							"size": [0.2025, 0.4275, 0.2025],
							"uv": {
								"north": {"uv": [20, 20], "uv_size": [0.25, 0.5]},
								"east": {"uv": [0, 21], "uv_size": [0.25, 0.5]},
								"south": {"uv": [21, 0], "uv_size": [0.25, 0.5]},
								"west": {"uv": [1, 21], "uv_size": [0.25, 0.5]},
								"up": {"uv": [25, 20], "uv_size": [0.25, 0.25]},
								"down": {"uv": [21, 25.25], "uv_size": [0.25, -0.25]}
							}
						},
						{
							"origin": [-0.42196, 12.09875, 0.20556],
							"size": [0.2025, 0.4275, 0.2025],
							"uv": {
								"north": {"uv": [21, 1], "uv_size": [0.25, 0.5]},
								"east": {"uv": [2, 21], "uv_size": [0.25, 0.5]},
								"south": {"uv": [21, 2], "uv_size": [0.25, 0.5]},
								"west": {"uv": [3, 21], "uv_size": [0.25, 0.5]},
								"up": {"uv": [25, 21], "uv_size": [0.25, 0.25]},
								"down": {"uv": [22, 25.25], "uv_size": [0.25, -0.25]}
							}
						},
						{
							"origin": [-0.32071, 12.09875, 0.45],
							"size": [0.2025, 0.4275, 0.2025],
							"pivot": [-0.21946, 11.85125, 0.55125],
							"rotation": [0, -45, 0],
							"uv": {
								"north": {"uv": [21, 3], "uv_size": [0.25, 0.5]},
								"east": {"uv": [4, 21], "uv_size": [0.25, 0.5]},
								"south": {"uv": [21, 4], "uv_size": [0.25, 0.5]},
								"west": {"uv": [5, 21], "uv_size": [0.25, 0.5]},
								"up": {"uv": [25, 22], "uv_size": [0.25, 0.25]},
								"down": {"uv": [23, 25.25], "uv_size": [0.25, -0.25]}
							}
						},
						{
							"origin": [-0.32071, 12.09875, 0.2475],
							"size": [0.2025, 0.4275, 0.2025],
							"pivot": [-0.21946, 11.85125, 0.34875],
							"rotation": [0, -45, 0],
							"uv": {
								"north": {"uv": [21, 5], "uv_size": [0.25, 0.5]},
								"east": {"uv": [6, 21], "uv_size": [0.25, 0.5]},
								"south": {"uv": [21, 6], "uv_size": [0.25, 0.5]},
								"west": {"uv": [7, 21], "uv_size": [0.25, 0.5]},
								"up": {"uv": [25, 23], "uv_size": [0.25, 0.25]},
								"down": {"uv": [24, 25.25], "uv_size": [0.25, -0.25]}
							}
						},
						{
							"origin": [-0.52321, 12.09875, 0.2475],
							"size": [0.2025, 0.4275, 0.2025],
							"pivot": [-0.42196, 11.85125, 0.34875],
							"rotation": [0, 45, 0],
							"uv": {
								"north": {"uv": [21, 7], "uv_size": [0.25, 0.5]},
								"east": {"uv": [8, 21], "uv_size": [0.25, 0.5]},
								"south": {"uv": [21, 8], "uv_size": [0.25, 0.5]},
								"west": {"uv": [9, 21], "uv_size": [0.25, 0.5]},
								"up": {"uv": [25, 24], "uv_size": [0.25, 0.25]},
								"down": {"uv": [25, 25.25], "uv_size": [0.25, -0.25]}
							}
						},
						{
							"origin": [-0.56515, 12.09875, 0.34875],
							"size": [0.2025, 0.4275, 0.2025],
							"uv": {
								"north": {"uv": [21, 9], "uv_size": [0.25, 0.5]},
								"east": {"uv": [10, 21], "uv_size": [0.25, 0.5]},
								"south": {"uv": [21, 10], "uv_size": [0.25, 0.5]},
								"west": {"uv": [11, 21], "uv_size": [0.25, 0.5]},
								"up": {"uv": [0, 26], "uv_size": [0.25, 0.25]},
								"down": {"uv": [26, 0.25], "uv_size": [0.25, -0.25]}
							}
						},
						{
							"origin": [-0.4051, 12.49875, 0.34875],
							"size": [0.2025, 0.1275, 0.2025],
							"pivot": [-0.3639, 12.4125, 0.45],
							"rotation": [0, -45, 0],
							"uv": {
								"north": {"uv": [1, 26], "uv_size": [0.25, 0.25]},
								"east": {"uv": [26, 1], "uv_size": [0.25, 0.25]},
								"south": {"uv": [2, 26], "uv_size": [0.25, 0.25]},
								"west": {"uv": [26, 2], "uv_size": [0.25, 0.25]},
								"up": {"uv": [3, 26], "uv_size": [0.25, 0.25]},
								"down": {"uv": [26, 3.25], "uv_size": [0.25, -0.25]}
							}
						},
						{
							"origin": [-0.52321, 12.09875, 0.45],
							"size": [0.2025, 0.4275, 0.2025],
							"pivot": [-0.42196, 11.85125, 0.55125],
							"rotation": [0, 45, 0],
							"uv": {
								"north": {"uv": [21, 11], "uv_size": [0.25, 0.5]},
								"east": {"uv": [12, 21], "uv_size": [0.25, 0.5]},
								"south": {"uv": [21, 12], "uv_size": [0.25, 0.5]},
								"west": {"uv": [13, 21], "uv_size": [0.25, 0.5]},
								"up": {"uv": [4, 26], "uv_size": [0.25, 0.25]},
								"down": {"uv": [26, 4.25], "uv_size": [0.25, -0.25]}
							}
						}
					]
				},
				{
					"name": "lefthand",
					"parent": "mag_and_lefthand",
					"pivot": [-6, 19, 0]
				},
				{
					"name": "lefthand_pos",
					"parent": "lefthand",
					"pivot": [0, 8, 0],
					"cubes": [
						{
							"origin": [-7, 8, -2],
							"size": [3, 12, 4],
							"uv": {
								"north": {"uv": [12, 0], "uv_size": [4, 12]},
								"east": {"uv": [4, 12], "uv_size": [4, 12]},
								"south": {"uv": [8, 12], "uv_size": [4, 12]},
								"west": {"uv": [12, 12], "uv_size": [4, 12]},
								"up": {"uv": [16, 8], "uv_size": [4, 4]},
								"down": {"uv": [16, 16], "uv_size": [4, -4]}
							}
						}
					]
				},
				{
					"name": "camera",
					"pivot": [0, 14.75, 11]
				},
				{
					"name": "view",
					"pivot": [0, 0, 0]
				},
				{
					"name": "iron_view",
					"parent": "view",
					"pivot": [0, 10.375, 4.275]
				},
				{
					"name": "idle_view",
					"parent": "view",
					"pivot": [0, 8.75, 11]
				},
				{
					"name": "refit_view",
					"parent": "view",
					"pivot": [10.475, 5.55, 9.2],
					"rotation": [0, 55, 0]
				},
				{
					"name": "positioning",
					"pivot": [0, 0, -8]
				},
				{
					"name": "thirdperson_hand",
					"parent": "positioning",
					"pivot": [0, 9.3, -0.425]
				},
				{
					"name": "ground",
					"parent": "positioning",
					"pivot": [0, 0, -0.25]
				},
				{
					"name": "fixed",
					"parent": "positioning",
					"pivot": [1.45, 9.875, 0.225],
					"rotation": [0, 90, 0]
				}
			]
		}
	]
}