{
  "ammo": "tacz:9mm",
  "rpm": 700,
  "bullet": {
    "life": 0.6,
    "bullet_amount": 1,
    "damage": 6,
    "tracer_count_interval": 0,
    "extra_damage": {
      "armor_ignore": 0.15,
      "head_shot_multiplier": 1.25,
      "damage_adjust": [
        {
          "distance": 0.5,
          "damage": 7
        },
        {
          "distance": 19.5,
          "damage": 6
        },
        {
          "distance": 49.5,
          "damage": 4.5
        },
        {
          "distance": "infinite",
          "damage": 3.5
        }
      ]
    },
    "speed": 180,
    "gravity": 0.0245,
    "knockback": 0,
    "friction": 0.012,
    "ignite": false,
    "pierce": 1
  },
  "ammo_amount": 53,
  "bolt": "closed_bolt",
  "reload": {
    "type": "magazine",
    "feed": {
      "empty": 2.7,
      "tactical": 1.33
    },
    "cooldown": {
      "empty": 3.03,
      "tactical": 1.87
    }
  },
  "draw_time": 0.32,
  "put_away_time": 0.35,
  "sprint_time": 0.2,
  "aim_time": 0.1,
  "fire_mode": [
    "auto",
    "semi"
  ],
  "allow_attachment_types": [
    "scope",
    "muzzle"
  ],
  "recoil": {
    "pitch": [
      {
        "time": 0,
        "value": [
          0.55,
          0.55
        ]
      },
      {
        "time": 0.3,
        "value": [
          0.55,
          0.55
        ]
      },
      {
        "time": 0.5,
        "value": [
          -0.125,
          -0.125
        ]
      },
      {
        "time": 0.65,
        "value": [
          0,
          0
        ]
      }
    ],
    "yaw": [
      {
        "time": 0,
        "value": [
          0.15,
          0.25
        ]
      },
      {
        "time": 0.3,
        "value": [
          0.15,
          0.25
        ]
      },
      {
        "time": 0.5,
        "value": [
          0,
          0
        ]
      }
    ]
  },
  "inaccuracy": {
    "stand": 3.2,
    "move": 4.5,
    "sneak": 2.5,
    "lie": 1.8,
    "aim": 0.175
  }
}