{
  "ammo": "rebel:56tap",
  "rpm": 400,
  "bullet": {
    "life": 1,
    "bullet_amount": 1,
    "damage": 6,
    "tracer_count_interval": 0,
    "extra_damage": {
      "armor_ignore": 0.45,
      "head_shot_multiplier": 1.75,
      "damage_adjust": [
        {"distance": 15, "damage": 6.5},
        {"distance": 50, "damage": 6},
        {"distance": 80, "damage": 5.5},
        {"distance": "infinite", "damage": 5}
      ]
    },
    "speed": 380,
    "gravity": 0.098,
    "knockback": 0.1,
    "friction": 0.03,
    "ignite": false,
    "pierce": 2
  },
  "ammo_amount": 10,
  "extended_mag_ammo_amount": [
    15,
    20,
    25
  ],
  "bolt": "closed_bolt",
  "reload": {
    "type": "magazine",
    "feed": {
      "empty": 1.72,
      "tactical": 1.7
    },
    "cooldown": {
      "empty": 3.6,
      "tactical": 2.5
    }
  },
  "draw_time": 0.35,
  "put_away_time": 1,
  "aim_time": 0.15,
  "sprint_time": 0.2,
  "weight": 2.3,
  "fire_mode": [
    "semi"
  ],
  "allow_attachment_types": [
    "scope",
    "muzzle",
    "grip",
    "extended_mag"
  ],
  "recoil": {
    "pitch": [
      {"time": 0, "value": [0.35, 0.35]},
      {"time": 0.3, "value": [0.35, 0.35]},
      {"time": 0.5, "value": [-0.125, -0.125]},
      {"time": 0.65, "value": [0, 0]}
    ],
    "yaw": [
      {"time": 0, "value": [-0.15, 0.2]},
      {"time": 0.3, "value": [-0.15, 0.2]},
      {"time": 0.5, "value": [0, 0]}
    ]
  },
  "inaccuracy": {
    "stand": 2.5,
    "move": 3,
    "sneak": 0.5,
    "lie": 0.5,
    "aim": 0.05
  }
}