{
  "ammo": "rebel:52pb",
  "rpm": 350,
  "bullet": {
    "life": 0.8,
    "bullet_amount": 1,
    "damage": 18,
    "tracer_count_interval": 0,
    "extra_damage": {
      "armor_ignore": 0.45,
      "head_shot_multiplier": 1.8,
      "damage_adjust": [
        {"distance": 10, "damage": 23},
        {"distance": 15, "damage": 18},
        {"distance": 30, "damage": 16},
        {"distance": 50, "damage": 14},
        {"distance": "infinite", "damage": 12}
      ]
    },
    "speed": 180,
    "gravity": 0.098,
    "knockback": 0.1,
    "friction": 0.03,
    "ignite": false,
    "pierce": 1
  },
  "ammo_amount": 8,
  "extended_mag_ammo_amount": [
    10,
    11,
    12
  ],
  "bolt": "closed_bolt",
  "reload": {
    "type": "magazine",
    "feed": {
      "empty": 1.72,
      "tactical": 1.38
    },
    "cooldown": {
      "empty": 2.5,
      "tactical": 1.92
    }
  },
  "draw_time": 0.35,
  "put_away_time": 0.33,
  "aim_time": 0.2,
  "sprint_time": 0.2,
  "weight": 1.5,
  "fire_mode": [
    "semi"
  ],
  "allow_attachment_types": [
    "scope",
    "stock",
    "muzzle",
    "extended_mag"
  ],
  "recoil": {
    "pitch": [
      {"time": 0, "value": [0.7, 0.7]},
      {"time": 0.4, "value": [0.7, 0.7]},
      {"time": 0.65, "value": [-0.225, -0.225]},
      {"time": 0.85, "value": [0.125, 0.125]},
      {"time": 1.1, "value": [0, 0]},
      {"time": 1.2, "value": [0, 0]}
    ],
    "yaw": [
      {"time": 0, "value": [-0.1, 0.1]},
      {"time": 0.5, "value": [0, 0]}
    ]
  },
  "inaccuracy": {
    "stand": 2.5,
    "move": 3,
    "sneak": 2.5,
    "lie": 2,
    "aim": 0.15
  }
}