{
  "ammo": "tacz:45acp",
  "rpm": 700,
  "bullet": {
    "life": 0.55,
    "bullet_amount": 1,
    "damage": 10,
    "tracer_count_interval": 0,
    "extra_damage": {
      "armor_ignore": 0.3,
      "head_shot_multiplier": 1.75,
      "damage_adjust": [
        {"distance": 10, "damage": 10},
        {"distance": 15, "damage": 9.5},
        {"distance": 30, "damage": 8},
        {"distance": 50, "damage": 6.5},
        {"distance": "infinite", "damage": 6}
      ]
    },
    "speed": 190,
    "gravity": 0.098,
    "knockback": 0.1,
    "friction": 0.02,
    "ignite": false,
    "pierce": 1
  },
  "ammo_amount": 18,
  "extended_mag_ammo_amount": [
    22,
    26,
    32
  ],
  "bolt": "closed_bolt",
  "reload": {
    "type": "magazine",
    "feed": {
      "empty": 1.75,
      "tactical": 1.38
    },
    "cooldown": {
      "empty": 3,
      "tactical": 1.92
    }
  },
  "draw_time": 0.35,
  "put_away_time": 0.33,
  "aim_time": 0.25,
  "sprint_time": 0.2,
  "weight": 1.45,
  "fire_mode": [
    "auto",
    "semi"
  ],
  "allow_attachment_types": [
    "scope",
    "stock",
    "muzzle",
    "extended_mag"
  ],
  "recoil": {
    "pitch": [
      {"time": 0, "value": [0.5, 0.5]},
      {"time": 0.4, "value": [0.5, 0.5]},
      {"time": 0.65, "value": [-0.225, -0.225]},
      {"time": 0.85, "value": [0.125, 0.125]},
      {"time": 1.1, "value": [0, 0]},
      {"time": 1.2, "value": [0, 0]}
    ],
    "yaw": [
      {"time": 0, "value": [-0.18, 0.18]},
      {"time": 0.5, "value": [0, 0]}
    ]
  },
  "inaccuracy": {
    "stand": 3,
    "move": 3.5,
    "sneak": 2.5,
    "lie": 2.2,
    "aim": 0.25
  }
}