{
  "ammo": "rebel:35he",
  "rpm": 150,
  "ammo_amount": 1,
  "bolt": "open_bolt",
  "bullet": {
    "life": 5,
    "bullet_amount": 1,
    "damage": 15,
    "extra_damage": {
      "armor_ignore": 0.0,
      "head_shot_multiplier": 1.0
    },
    "speed": 70,
    "gravity": 0.15,
    "knockback": 0,
    "friction": 0.05,
    "ignite": false,
    "pierce": 0,
    "explosion": {
      "explode": true,
      "damage": 85,
      "radius": 8,
      "knockback": true,
      "delay": 30,
      "destroy_block":true
    }
  },
  "reload": {
    "type": "magazine",
    "feed": {
      "empty": 1.9
    },
    "cooldown": {
      "empty": 2.5
    }
  },
  "draw_time": 1.2,
  "put_away_time": 0.63,
  "aim_time": 0.3,
  "sprint_time": 0.15,
  "weight": 6.5,
  "movement_speed": {
    "base": 0.0,
    "aim": -0.1,
    "reload": 0
  },
  "crawl_recoil_multiplier": 0.5,
  "fire_mode": [
    "semi"
  ],
  "recoil": {
    "pitch": [
      {"time": 0, "value": [2.5, 2.5]},
      {"time": 0.3, "value": [2.5, 2.5]},
      {"time": 0.55, "value": [-0.75, -0.75]},
      {"time": 0.8, "value": [0.25, 0.25]},
      {"time": 1.2, "value": [0, 0]},
      {"time": 1.4, "value": [0, 0]}
    ],
    "yaw": [
      {"time": 0, "value": [-0.4, 0.4]},
      {"time": 0.55, "value": [0, 0]}
    ]
  },
  "inaccuracy": {
    "stand": 1.5,
    "move": 2.5,
    "sneak": 1,
    "lie": 0.5,
    "aim": 0.2
  },

  "melee": {

    "distance": 1,

    "cooldown": 0.5,

    "default": {

      "animation_type": "melee_stock",

      "distance": 1,


      "damage": 2,

      "knockback": 0.75,

      "prep": 0.1
    }
  }
}