{
  "ammo": "rebel:20sh",
  "bolt": "closed_bolt",
  "rpm": 400,
  "bullet": {
    "life": 0.8,
    "bullet_amount": 7,
    "damage": 35,
    "tracer_count_interval": 0,
    "extra_damage": {
      "armor_ignore": 0,
      "head_shot_multiplier": 1.1,
      "damage_adjust": [
        {"distance": 8, "damage": 35},
        {"distance": 20, "damage": 28},
        {"distance": 28, "damage": 21},
        {"distance": 35, "damage": 14},
        {"distance": "infinite", "damage": 7}
      ]
    },
    "speed": 140,
    "gravity": 0.098,
    "knockback": 0.15,
    "friction": 0.05,
    "ignite": false,
    "pierce": 1
  },
  "ammo_amount": 4,
  "extended_mag_ammo_amount": [
    5,
    7,
    9
  ],
  "reload": {
    "type": "magazine",
    "feed": {
      "empty": 5,
      "tactical": 3.3
    },
    "cooldown": {
      "empty": 5.7,
      "tactical": 4
    }
  },
 "draw_time": 0.5,
  "put_away_time": 0.7,
  "aim_time": 0.23,
  "sprint_time": 0.2,
  "weight": 2.7,
  "fire_mode": [
    "semi"
  ],
  "recoil": {
    "pitch": [
      {"time": 0, "value": [3, 3]},
      {"time": 0.32, "value": [3, 3]},
      {"time": 0.57, "value": [-0.5, -0.5]},
      {"time": 0.82, "value": [0.25, 0.25]},
      {"time": 1.17, "value": [0, 0]},
      {"time": 1.47, "value": [0, 0]}
    ],
    "yaw": [
      {"time": 0, "value": [-0.25, -0.15]},
      {"time": 0.32, "value": [-0.25, -0.15]},
      {"time": 0.57, "value": [0, 0]}
    ]
  },

  "melee": {
    "distance": 1,
    "cooldown": 0.7,
    "default": {
      "animation_type": "melee_stock",
      "distance": 3,
      "range_angle": 40,
      "cooldown": 0,
      "damage": 5,
      "knockback": 0.5,
      "prep": 0.1
    }
  },
  "allow_attachment_types": [

    "scope",
    "muzzle",
    "extended_mag"

  ],

  "inaccuracy": {
    "stand": 3.5,
    "move": 4,
    "sneak": 2,
    "lie": 2,
    "aim": 1.8
  }

}