{
  "ammo": "rebel:75b",
  "rpm": 1150,
  "bullet": {
    "life": 1.5,
    "bullet_amount": 1,
    "damage": 4,
    "tracer_count_interval": 0,
    "extra_damage": {
      "armor_ignore": 0,
      "head_shot_multiplier": 1.05,
      "damage_adjust": [
        {"distance": 6, "damage": 4.5},
        {"distance": 25, "damage": 4},
        {"distance": 35, "damage": 2.5},
        {"distance": 45, "damage": 1.5},
        {"distance": "infinite", "damage": 1}
      ]
    },
    "speed": 80,
    "gravity": 0.1,
    "knockback": 0.1,
    "friction": 0.02,
    "ignite": false,
    "pierce": 1
  },
  "ammo_amount": 18,
  "extended_mag_ammo_amount": [
    23,
    28,
    35
  ],
  "bolt": "open_bolt",
  "reload": {
    "type": "magazine",
    "feed": {
      "empty": 2.2,
      "tactical": 2.17
    },
    "cooldown": {
      "empty": 3.9,
      "tactical": 2.9
    }
  },
  "draw_time": 0.35,
  "put_away_time": 0.6,
  "aim_time": 0.25,
  "sprint_time": 0.2,
  "weight": 2.9,
  "fire_mode": [
    "semi",
    "auto"
    
  ],
  "allow_attachment_types": [
    "scope",
    "muzzle",
    "extended_mag"
  ],
  "recoil": {
    "pitch": [
      {"time": 0, "value": [0.2, 0.2]},
      {"time": 0.4, "value": [0.2, 0.2]},
      {"time": 0.65, "value": [-0.125, -0.125]},
      {"time": 0.85, "value": [0.105, 0.105]},
      {"time": 1.1, "value": [0, 0]},
      {"time": 1.2, "value": [0, 0]}
    ],
    "yaw": [
      {"time": 0, "value": [-0.1, 0.1]},
      {"time": 0.5, "value": [0, 0]}
    ]
  },
  "inaccuracy": {
    "stand": 0.6,
    "move": 1,
    "sneak": 0.9,
    "lie": 0.9,
    "aim": 0.6
  }
}